,key,name,description,id
0,ckng,浴血之刃,"[史詩]
- 神話傳說 武器 (近戰) -
放棄吧，愚蠢的人類.
∴攻擊力+4500
∴力量 +420
∴技能傷害 +5%
∴持續傷害+15%
∴每14次攻擊觸發血之釋放
▣ 等級.100",687
1,modt,龍翼,"[史詩]
- 傳奇至寶 翅膀 -
充滿了龍的神祕氣息
∴智力 +130
∴生命值 +600
∴技能傷害 +6%
∴點擊使用 創建一個到達普瑞斯都城的傳送
▣ 等級.70",633
2,tkno,王道無極寒冰弓,"[史詩]
- 禁斷聖物 武器 (弓箭) -
充滿冰霜靈魂的神器！
∴攻擊力+8400
∴力量 +345, 敏捷 +605
∴技能傷害 +9%
∴冰屬性/水屬性+9%
∴攻擊時幾率 釋放冰霜風暴
▣ 等級.100",693
3,ratf,瘟疫法杖,"[史詩]
- 冥靈傳世 武器 (法杖) -
所到之處皆是瘟疫 ..
∴攻擊力+6750
∴智力 +744
∴攻擊速度 +35%
∴技能傷害 & 持續傷害+10%
∴點擊使用 觸發瘟疫領域
▣ 等級.100",712
4,rde4,赤紅·南瓜權杖,"[史詩]
- 神話傳說 武器 (法杖) -
哈哈哈哈哈哈
∴攻擊力+3800
∴智力 +460
∴技能傷害 +5%
∴每當釋放技能 4秒 智力 15, 火焰傷害 1.5%提升 (5次疊加)
∴點擊使用 扔出赤紅南瓜彈
▣ 等級.100",587
5,ofro,伯爵的披風,"[史詩]
- 傳奇至寶 翅膀 -
接受黑暗能源, 成爲今夜的統治者 !
∴力量 +140
∴敏捷 +130
∴閃避率 +10%
∴每當釋放技能 下一次攻擊授予暗屬性效果
▣ 等級.70",632
6,desc,Teleport Dagger,,-1
7,fgdg,魔力糖果,"[糖果]
魔力糖果
∴30分鐘持續時間 智力 +15",-1
8,infs,怨魔力量結晶,"[收藏品]
改變揹包的外觀.",300
9,shar,冰龍力量結晶,"[收藏品]
改變揹包的外觀.",291
10,sand,死亡騎士力量結晶,"[收藏品]
改變揹包的外觀.",58
11,wild,蘋果味糖果,"[糖果]
紅色的力量糖果
∴15分鐘持續時間力量屬性20提升
∴生命值40% 恢復",-1
12,srrc,神奇號角,"[召喚類物品]
我感受到了不羈跳動的魔力... 我應該吹響它??
◎點擊使用 召喚野外BOSS
◎只能在海灘上使用",391
13,odef,生命詠歎·自然之力,"[史詩]
- 神話傳說 武器 (通用) -
被古代的精靈們所控制的強力武器
∴攻擊力+4500
∴全屬性 +380
∴攻擊速度 +15%
∴技能傷害 +5%
∴攻擊時激活元素氣息
▣ 等級.100",219
14,rde3,噩夢戰盔,"[史詩]
- 禁斷聖物 頭盔 -
你會看到死亡 ..
∴護甲 +105
∴敏捷 +185
∴生命值 +900
∴技能傷害 & 致命一擊概率 +7.5%
∴攻擊時幾率觸發死亡凝視
▣ 等級.100",706
15,pmna,蝦殼劍,"[魔力]
- 武器 (近戰) -
∴攻擊力+400
∴護甲 +15
∴力量 +30
∴敏捷 +40
∴攻擊時幾率造成濺射傷害
▣ 等級.30",29
16,rhth,冬之淚·冰怨戰矛,"[史詩]
- 神話傳說 武器 (近戰) -
靠近它，你彷彿能聽到怨靈的聲音
∴攻擊力+4050
∴力量 +375
∴致命一擊倍率 +0.15x
∴攻擊時幾率 概率觸發冰霜打擊
▣ 等級.90",596
17,ssil,雪人項鍊,"[魔力]
- 首飾 -
∴智力 +30
∴生命值 +500
∴點擊使用 召喚雪人
▣ 等級.40",46
18,spsh,龍蝦鱗甲,"[魔力]
- 鎧甲 -
∴護甲 +40
∴力量 +25
∴敏捷 +20
∴受到攻擊時反射300的額外傷害
▣ 等級.30",30
19,sres,葡萄味糖果,"[糖果]
紫羅蘭色的智力糖果
∴15分鐘持續時間 智力 20提升
∴生命值40% 恢復",-1
20,pdiv,靈魂糖果,"[糖果]
靈魂糖果
∴30分鐘持續時間 經驗值獲得量 +10%",-1
21,pres,法爺力量結晶,"[收藏品]
改變揹包的外觀.",279
22,totw,藍莓味糖果,"[糖果]
藍色的敏捷糖果
∴15分鐘持續時間敏捷屬性20提升
∴生命值40% 恢復",-1
23,fgfh,糖果,"[糖果]
糖果
∴天堂的味道",-1
24,fgrd,天儀·諸神之怒,"[史詩]
- 鴻蒙起源 武器 (弓箭) -
在天威面前顫抖.
∴攻擊力+10200
∴敏捷 +760
∴攻擊速度 +40%
∴攻擊時觸發蒼穹之韻
▣ 等級.100",875
25,fgrg,亡靈戰神力量結晶,"[收藏品]
改變揹包的外觀.",266
26,hcun,榮耀·鮮血殘戟,"[史詩]
- 神話傳說 武器 (劍) -
流淌不止的鮮血給予你力量！.
∴攻擊力+6600
∴力量 +565
∴技能傷害 +8%
∴每當釋放技能 觸發榮耀戰歌
▣ 等級.100",667
27,hval,風之守護,"[魔力]
- 鎧甲 -
∴護甲 +40
∴智力 +45
∴技能傷害 +3%
∴90秒觸發一次 閃避致命的打擊
▣ 等級.40",48
28,mcou,骷髏印章,"[史詩]
- 神話傳說 首飾 -
充滿邪惡的黑暗配件
∴力量 +285
∴智力 +255
∴技能傷害 +7.5%
∴當被治療時，溢出的治療量會暫時提高最大生命值
▣ 等級.100",230
29,ajen,靈魂血矛,"[史詩]
- 傳奇至寶 武器 (近戰) -
放棄吧，愚蠢的人類！.
∴攻擊力+2500
∴力量 +190
∴攻擊時附帶10%吸血 (最高250)
▣ 等級.60",142
30,clfm,浴血之戒,"[史詩]
- 神話傳說 首飾 -
浴血的戒指
∴全屬性 +275
∴生命值 +2250
∴所受治療量+15%
∴點擊使用 觸發自身生命值30% 恢復 (CD: 30秒)
▣ 等級.100",677
31,ratc,亡靈輓歌·王者之劍,"[史詩]
- 禁斷聖物 武器 (近戰) -
絕望的使者所使用的遠古利器！
∴攻擊力+7050
∴力量 +520
∴敏捷 +505
∴致命一擊倍率 +0.20x
∴攻擊時幾率 觸發仇恨打擊
∴點擊使用 靈魂切割
▣ 等級.100",259
32,ward,亡靈輓歌·災禍法袍,"[史詩]
- 禁斷聖物 鎧甲 -
奇特的法袍
∴護甲 +175
∴智力 +275
∴技能傷害 +5%
∴點擊使用 觸發死亡契約
▣ 等級.100",261
33,kpin,復仇者,"[史詩]
- 神話傳說 武器 (劍) -
我將我的靈魂賜賦於你'你能獲得我全部的能力
∴攻擊力+6300
∴敏捷 +535
∴技能傷害 +5%
∴致命一擊概率 +5%
∴點擊使用 下一次攻擊觸發復仇效果
▣ 等級.100",226
34,crys,災難頭巾,"[史詩]
- 禁斷聖物 頭盔 -
不怕死者才能擁有
∴護甲 +95
∴敏捷, 智力 +210
∴生命值 +1500
∴復活等待時間 -40%
∴死亡時觸發亡者之手
▣ 等級.100",268
35,lgdh,冰川守護,"[魔力]
- 頭盔 -
∴護甲 +30
∴力量 +30
∴敏捷 +25
∴受到攻擊時幾率冰凍敵人
▣ 等級.40",45
36,ankh,冰凍結晶,"[召喚類物品]
封印強大力量的結晶，要不要打破它？?
◎點擊使用 召喚BOSS
◎只能在冰山雪地上使用",392
37,whwd,遠古遺蹟殘骸,"[史詩]
- 神話傳說 材料 -
∴點擊查看相關合成組合",233
38,fgsk,紅色水晶魔像力量結晶,"[收藏品]
改變揹包的外觀.",217
39,wcyc,黑瓜力量結晶,"[收藏品]
改變揹包的外觀.",129
40,hlst,坐忘無我·天國揹包,"[史詩]
- 神話傳說 武器 (揹包) -
一個有生命力的揹包
∴攻擊力+3600
∴全屬性 +360
∴恢復量 +12%
∴魔法抗性 +12%
▣ 等級.100",733
41,mnst,詛咒面罩,"[召喚類物品]
瓦拉的詛咒水晶
◎點擊使用 召喚BOSS
◎只能在瓦幾內拉帝國",67
42,belv,宿主權杖,"[史詩]
- 禁斷聖物 武器 (法杖) -
你要下地獄了 !
∴攻擊力+5850
∴智力 +660
∴持續傷害+20%
∴魔法抗性 +12%
∴點擊使用 激活寄生
▣ 等級.100",267
43,bgst,葬禮·血祭之矛,"[史詩]
- 傳奇至寶 武器 (近戰) -
放棄吧，愚蠢的人類！.
∴攻擊力+3200
∴力量 +235
∴攻擊時附帶10%吸血 (最高400)
▣ 等級.60",615
44,ciri,深海寶石,"[魔力]
- 首飾 -
∴全屬性 +15
∴魔法值恢復 +5
∴點擊使用 發動潮汐打擊
▣ 等級.30",31
45,lhst,生命詠歎·夢境童話,"[史詩]
- 神話傳說 鎧甲 -
生命的能量不斷湧出..
∴護甲 +175
∴智力 +285
∴生命值 +1500
∴點擊使用 召喚一隻強大的精靈龍
▣ 等級.100",671
46,afac,生命詠歎·守望之錘,"[史詩]
- 神話傳說 武器 (劍) -
在生命源泉的守護下勇往直前 !!
∴攻擊力+5700
∴力量 +555
∴技能傷害 +4.5%
∴每當釋放技能 力量得到提升
▣ 等級.100",221
47,sbch,生命詠歎·守護聖甲,"[史詩]
- 神話傳說 鎧甲 -
生命的能量不斷湧出..
∴護甲 +200
∴力量 +240
∴敏捷 +100
∴魔法抗性 +8%
∴生命值很低時生命恢復速度得到暫時性大幅提高
▣ 等級.100",669
48,brac,空白,,-1
49,rwiz,絕望的深淵,"[史詩]
- 神話傳說 武器 (法杖) -
墮入無盡的黑暗吧; 絕望的慘叫吧 !
∴攻擊力+5550
∴智力 +585
∴攻擊速度 +25%
∴技能傷害 +5%
∴施法後對目標區域製造瘟疫
▣ 等級.100",227
50,pghe,冰柱糖果,"[糖果]
冰柱糖果
∴30分鐘持續時間 敏捷 +15",-1
51,pgma,肉桂糖果,"[糖果]
肉桂糖果
∴30分鐘持續時間 力量 +15",-1
52,pnvu,滄海印記,"[召喚類物品]
深藍的印記折射出無盡的恐懼
◎點擊使用 召喚BOSS
◎只能在深海使用",394
53,sror,風暴徽記,"[史詩]
- 神話傳說 材料 -
∴點擊查看相關合成組合",249
54,woms,解印寶石,"[召喚類物品]
這個石頭可以用來打破封印
◎可以解除遠古祕境某處的BOSS封印",395
55,evtl,未完成的狂暴藥劑,"[史詩]
- 神話傳說 首飾 -
危險的藥水,能玩壞你的藥...
∴全屬性 +260
∴生命值恢復 +50
∴技能傷害 +6%
∴點擊使用改變角色外形持續12秒
▣ 等級.100",231
56,penr,亡靈輓歌·咒印心石,"[史詩]
- 禁斷聖物 首飾 -
黑暗骷髏的邪惡物品
∴主屬性 +390
∴技能傷害 +12%
▣ 等級.100",672
57,prvt,冰柱之弓,"[魔力]
- 武器 (弓箭) -
∴攻擊力+500
∴敏捷 +75
∴攻擊速度 +20%
∴每攻擊時200~400魔法值恢復並擁有減速效果
▣ 等級.40",44
58,rat9,亡靈輓歌·月窮天墜,"[史詩]
- 禁斷聖物 首飾 -
充滿魔力的邪惡飾品！
∴全屬性 +340
∴攻擊速度 +15%
∴8秒觸發一次 三種強力BUFF之一
∴點擊使用 激活三種BUFF
▣ 等級.100",262
59,rde2,不朽·潛行者,"[史詩]
- 禁斷聖物 武器 (弓箭) -
每次打擊都指向敵人的心臟
∴攻擊力+8700
∴敏捷 +540
∴生命值 +1200
∴技能傷害 +5%
∴6秒觸發一次 下次深淵之力攻擊 強化
▣ 等級.100",696
60,rlif,格林之鐮,"[史詩]
- 鴻蒙起源 武器 (通用) -
一種將靈魂與凡人分離的奇特武器
∴攻擊力+9400
∴主屬性 +960
∴技能傷害 +15%
∴暗屬性 +5%
∴每當釋放技能就出發死亡之鐮
∴點擊使用 激活分離
▣ 等級.100",340
61,bspd,冬之淚·冰霜怨弓,"[史詩]
- 神話傳說 武器 (弓箭) -
你是否能感受到這冰靈般的弓,內在附屬的死亡靈魂?
∴攻擊力+4950
∴力量 +285
∴敏捷 +475
∴技能傷害 +2.5%
∴攻擊時幾率觸發減速效果
▣ 等級.90",206
62,rej3,聖泉喝彩·生命揹包,"[史詩]
- 神話傳說 武器 (揹包) -
一個有生命力的揹包
∴攻擊力+4800
∴全屬性 +465
∴恢復量 +12%
∴魔法抗性 +12%
▣ 等級.100",735
63,will,漩渦·風之守護,"[罕見]
- 鎧甲 -
∴護甲 +55
∴智力 +75
∴生命值 +500
∴技能傷害 +5%
∴45秒觸發一次 閃避致命的打擊
▣ 等級.40",577
64,wlsd,初級獵槍,"[罕見]
- 武器 (槍支) -
∴攻擊力+720
∴敏捷 +100
∴智力 +35
∴攻擊速度 +18%
▣ 等級.40",569
65,wswd,惡魔領主力量結晶,"[收藏品]
改變揹包的外觀.",218
66,cnob,糖果袋,"[史詩]
- 傳奇至寶 首飾 -
飽含了得天獨厚的萬聖節喜氣的糖果袋
∴全屬性 +80
∴生命值 +750
∴點擊使用 向附近扔多個糖果
▣ 等級.60",155
67,gcel,亡者靈魂,"[史詩]
- 禁斷聖物 翅膀 -
包含王者靈魂.
∴全屬性 +275
∴生命值 +1200
∴復活等待時間 -40%
∴死亡時觸發復活死者
▣ 等級.100",704
68,rat6,亡靈輓歌·虛靈權杖,"[史詩]
- 禁斷聖物 武器 (法杖) -
飽含衆多靈魂的骷髏柺杖
∴攻擊力+5700
∴智力 +690
∴魔法值 +2250
∴技能傷害 +5%
∴點擊使用 觸發暗黑領域
▣ 等級.100",260
69,rde1,不朽之心,"[史詩]
- 禁斷聖物 材料 -
∴點擊查看相關合成組合",271
70,tdx2,幻想力量結晶,"[收藏品]
改變揹包的外觀.",428
71,texp,萬聖節特別力量結晶,"[收藏品]
改變揹包的外觀.",423
72,tin2,藥草,10秒內恢復500生命值.,-1
73,tpow,元素·空靈匕首,"[史詩]
- 冥靈傳世 武器 (通用) -
注入了天堂第五元素的匕首
∴攻擊力+5950
∴全屬性 +525
∴攻擊速度 +25%
∴技能傷害 +10.5%
∴攻擊時激活元素氣息
▣ 等級.100",869
74,tst2,冰霜巨蛛力量結晶,"[收藏品]
改變揹包的外觀.",209
75,pnvl,血之輓歌·逆天禁咒炮,"[史詩]
- 禁斷聖物 武器 (槍支) -
休息一下，感受我的力量
∴攻擊力+9000
∴敏捷 +585
∴生命值 +1800
∴點擊使用 觸發血之輓歌
▣ 等級.100",758
76,clsd,生命詠歎·破界守望,"[史詩]
- 神話傳說 鎧甲 -
生命的能量不斷湧出..
∴護甲 +170
∴力量 +90
∴敏捷 +255
∴魔法抗性 +5%
∴8秒觸發一次 1500點傷害吸收量的護盾
▣ 等級.100",670
77,rag1,生命詠歎·守護頭盔,"[史詩]
- 神話傳說 頭盔 -
雷之神賦予的神聖王冠！！
∴護甲 +90
∴全屬性 +125
∴致命一擊概率 +7.5%
∴攻擊時有幾率召喚閃電攻擊
▣ 等級.100",220
78,rin1,潛行者,"[史詩]
- 神話傳說 武器 (弓箭) -
不要錯過了這些 !! 它們一直漸弱自己的氣息 !!
∴攻擊力+6750
∴敏捷 +495
∴攻擊速度 -25%
∴致命一擊概率 +7.5%
∴攻擊時幾率觸發深淵爆破
▣ 等級.100",228
79,rst1,靈魂酒箱,"[史詩]
- 神話傳說 首飾 -
包含靈魂的箱子
∴力量 +185
∴智力 +280
∴生命值恢復 +60
∴技能傷害 +8%
∴魔法抗性 +8%
∴點擊使用 生命值恢復
▣ 等級.100",637
80,manh,格林之鐮,"[史詩]
- 鴻蒙起源 武器 (通用) -
一種將靈魂與凡人分離的奇特武器
∴攻擊力+9400
∴主屬性 +960
∴技能傷害 +15%
∴暗屬性 +5%
∴每當釋放技能就出發死亡之鐮
∴點擊使用 激活分離
▣ 等級.100",340
81,tdex,迷你雪人力量結晶,"[收藏品]
改變揹包的外觀.",425
82,tint,魔海誘惑·惡魔之角,"[史詩]
- 神話傳說 頭盔 -
惡魔的精魄凝聚而成
∴護甲 +95
∴全屬性 +144
∴技能傷害 & 致命一擊概率 +6%
∴所受傷害+6%
∴3000碼移動距離觸發惡魔火焰
▣ 等級.100",755
83,tstr,覺醒·真神之鐘,"[史詩]
- 鴻蒙起源 首飾 -
主拯救了我們所有人
∴全屬性 +450
∴生命值恢復 +200
∴光屬性 +7.5%
∴技能命中友軍時觸發[希望]效果
∴點擊使用 救濟
▣ 等級.100",877
84,pomn,殭屍領主力量結晶,"[收藏品]
改變揹包的外觀.",273
85,wshs,滄海巨獸力量結晶,"[收藏品]
改變揹包的外觀.",251
86,rej6,精靈大地之刃,"[史詩]
- 禁斷聖物 武器 (通用) -
古代精靈的聖器
∴攻擊力+5400
∴全屬性 +435
∴攻擊速度 +20%
∴技能傷害 +9%
∴攻擊時激活元素氣息
▣ 等級.100",676
87,rej5,噩耗·魑魅神杖,"[史詩]
- 禁斷聖物 武器 (法杖) -
來自深淵的神器！！
∴攻擊力+5500
∴智力 +665
∴生命值 +1800
∴施放技能和治療時，觸發瘋狂強化
▣ 等級.100",691
88,rej4,統治權杖,"[史詩]
- 禁斷聖物 武器 (法杖) -
擁有控制一切的慾望!
∴攻擊力+6000
∴智力 +735
∴生命值 +900
∴攻擊速度 +30%
∴每個自己的召喚物在附近會造成智力 30 提高
∴點擊使用 統治釋放
▣ 等級.100",697
89,ram4,魑魅神杖,"[史詩]
- 神話傳說 武器 (法杖) -
瘋狂的柺杖
∴攻擊力+4600
∴智力 +570
∴生命值 +1350
∴每當釋放技能周圍的友軍6秒 強化
▣ 等級.100",690
90,dsum,火焰披風,"[罕見]
- 翅膀 -
∴力量 +70
∴敏捷 +50
∴智力 +50
∴每0.5秒對周圍敵軍造成750的魔法傷害
▣ 等級.60",83
91,ofir,自然精華,"[史詩]
- 禁斷聖物 材料 -
∴點擊查看相關合成組合",277
92,ocor,蒼穹俱寧·卸塵枷鎖,"[史詩]
- 冥靈傳世 首飾 -
天空不是你的極限
∴主屬性 +360
∴所受傷害-15%
∴點擊使用 釋放蒼穹俱寧
▣ 等級.100",301
93,oli2,死亡之翼力量結晶,"[收藏品]
改變揹包的外觀.",176
94,oven,九頭蛇力量結晶,"[收藏品]
改變揹包的外觀.",141
95,ram3,無堅不摧戰翅,"[史詩]
- 冥靈傳世 翅膀 -
強者的象徵 ! 差距就是死亡的開始.
∴攻擊力+1200
∴全屬性 +135, 主屬性 +150
∴致命一擊倍率 +0.2x
∴每當釋放技能 6秒 技能傷害和致命一擊概率 4%提升 (3次疊加)
▣ 等級.100",724
96,tret,熔岩骨片,"[史詩]
- 禁斷聖物 材料 -
∴點擊查看相關合成組合",254
97,tgrh,@Unused,,-1
98,rej2,聖誕力量結晶,"[收藏品]
改變揹包的外觀.",426
99,gemt,浩瀚揹包 +1,"[史詩]
- 傳奇至寶 武器 (揹包) -
相當重的揹包
∴攻擊力+3800
∴力量 +310
∴技能傷害 +5%
∴所受傷害-15%
▣ 等級.70",653
100,ram2,鳴夜動天破滅盔,"[史詩]
- 冥靈傳世 頭盔 -
封殺所有殘渣！!
∴護甲 +100
∴力量 +210, 敏捷 +240
∴技能傷害 +15%
∴所受傷害+8%
∴點擊使用 釋放禁錮死光
▣ 等級.100",720
101,stel,信仰斗篷,"[史詩]
- 禁斷聖物 翅膀 -
感受到永恆的力量 ..
∴主屬性 +295
∴生命值 +1500
∴所受傷害-12%
∴攻擊時幾率觸發永恆信仰
▣ 等級.100",269
102,stwp,令牌力量結晶,"[收藏品]
改變揹包的外觀.",412
103,wneg,獠牙手,"[魔力]
- 武器 (槍支) -
∴攻擊力+340
∴敏捷 +50
∴智力 +25
∴攻擊速度 +15%
▣ 等級.30",33
104,sneg,主天使力量結晶,"[收藏品]
改變揹包的外觀.",284
105,wneu,馭龍槍,"[史詩]
- 傳奇至寶 武器 (槍支) -
如果你擁有這把槍，你將可以根除一切
∴攻擊力+3600
∴敏捷 +360
∴智力 +160
∴攻擊速度 +20%
∴技能傷害 +4%
∴點擊使用 觸發龍之舞
▣ 等級.70",648
106,shea,阿赫利烏斯·雙元法杖,"[史詩]
- 鴻蒙起源 武器 (法杖) -
這根法杖內的火與水之力不斷輪轉，相互排斥.
∴攻擊力+8400
∴智力 +790
∴火焰傷害 +5%
∴冰屬性/水屬性+5%
∴裝備時，激活元素增幅
∴點擊使用 釋放元素
▣ 等級.100",874
107,sman,高級獵槍,"[罕見]
- 武器 (槍支) -
∴攻擊力+1150
∴敏捷 +130
∴智力 +50
∴攻擊速度 +20%
∴獲得經驗值+8%
▣ 等級.50",571
108,rej1,虛無界石,"[史詩]
- 神話傳說 材料 -
∴點擊查看相關合成組合",240
109,pspd,混沌誅天權杖,"[史詩]
- 冥靈傳世 武器 (法杖) -
擁有無限智慧與霸氣..
∴攻擊力+8700
∴力量 +470
∴智力 +870
∴技能傷害 +15%
∴點擊使用 激活混沌崩擊
▣ 等級.100",717
110,dust,浮生·弒光之鐘,"[史詩]
- 禁斷聖物 首飾 -
你的靈魂將受到護佑！
∴全屬性 +285
∴光屬性 +7.5%
∴周圍的友軍護甲和生命值提高
∴每當釋放技能 充能神聖之光
∴點擊使用 釋放神聖之光
▣ 等級.100",775
111,ram1,靈魂之石,"[史詩]
- 神話傳說 材料 -
∴點擊查看相關合成組合",126
112,pinv,巨龍之怒·流年沙漏,"[史詩]
- 禁斷聖物 首飾 -
一個可以顛倒沙子的神祕聖器
∴主屬性 +335
∴攻擊速度 +10%
∴3秒觸發一次 你的下次攻擊產生連擊
∴30秒觸發一次隨機刷新一個技能
▣ 等級.100",253
113,phea,幽光殘骸,"[史詩]
- 冥靈傳世 材料 -
∴點擊查看相關合成組合",304
114,pman,狩獵者,"[史詩]
- 傳奇至寶 武器 (槍支) -
∴攻擊力+2400
∴敏捷 +250
∴智力 +130
∴攻擊速度 +20%
∴獲得經驗值+10%
▣ 等級.60",645
115,spro,水果揹包,"[罕見]
- 武器 (揹包) -
∴攻擊力+1200
∴全屬性 +130
∴恢復量 +10%
∴魔法抗性 +10%
▣ 等級.50",606
116,hslv,百骸颯沓揹包,"[史詩]
- 禁斷聖物 武器 (揹包) -
偶賣糕德.. 太熱了...  餵我肉吧...
∴攻擊力+7200
∴力量 +630
∴技能傷害 +11%
∴所受傷害-22%
▣ 等級.100",793
117,moon,採佩什血炮,"[史詩]
- 傳奇至寶 武器 (槍支) -
放棄吧，愚蠢的人類！.
∴攻擊力+2300
∴敏捷 +210
∴攻擊時附帶10%吸血 (最高250)
▣ 等級.60",144
118,shas,真龍炙舞·毀天嘆息,"[史詩]
- 神話傳說 武器 (槍支) -
爲戰鬥而生的你！
∴攻擊力+4200
∴敏捷 +430
∴智力 +320
∴技能傷害 +5%
∴使用觸發毀天嘆息
▣ 等級.100",762
119,skul,爆裂花雨·碧水青龍炮,"[史詩]
- 神話傳說 武器 (槍支) -
這只是一個炮 !!
∴攻擊力+4650
∴智力 +510
∴恢復量 +10%
∴點擊使用 觸發爆水轟
▣ 等級.100",243
120,mcri,黑暗統治聖物,"[史詩]
- 禁斷聖物 材料 -
∴點擊查看相關合成組合",288
121,rnec,霰彈槍,"[罕見]
- 武器 (槍支) -
∴攻擊力+1400
∴敏捷 +150
∴攻擊時幾率觸發爆破
▣ 等級.60",87
122,tsct,吟龍霜寒·冰雪嘆息,"[史詩]
- 禁斷聖物 武器 (槍支) -
這只是一個炮 !!
∴攻擊力+6150
∴智力 +615
∴恢復量 +12%
∴當治療時，激活治癒之水恢復友軍
∴使用觸發冰雪嘆息
▣ 等級.100",796
123,azhr,霜寒碎片守護聖甲,"[史詩]
- 禁斷聖物 鎧甲 -
堅冰守護着的遠古之甲
∴護甲 +250
∴力量 +290, 敏捷 +140
∴所受傷害-12%
∴生命處於40% 激活霜寒守護
▣ 等級.100",718
124,bzbe,暗黑不朽魂翼,"[史詩]
- 禁斷聖物 翅膀 -
每個可怕的靈魂都是我的力量 ..
∴力量 +210
∴智力 +405
∴技能傷害 +6%
∴魔法抗性 +6%
∴持續地造成生命值和魔法值恢復
∴點擊使用 靈魂吸收
▣ 等級.100",701
125,bzbf,聖佑龍魂戰甲,"[史詩]
- 禁斷聖物 鎧甲 -
浸注巨大力量的盔甲
∴護甲 +205
∴主屬性 +240
∴生命值 +1200
∴魔法值 +1200
∴被攻擊時有幾率觸發龍之魂
∴3分鐘CD，主動使用觸發魔法免疫
▣ 等級.100",286
126,ches,深淵之眼,"[史詩]
- 神話傳說 頭盔 -
你可以通過聆聽它,聽到冒險家的尖叫聲
∴護甲 +70
∴智力 +200
∴周圍的友軍 技能傷害 +4%
∴點擊使用 召喚四隻地獄野獸
▣ 等級.90",213
127,cnhn,煉獄赤焰爆破之刃,"[史詩]
- 神話傳說 武器 (劍) -
越戰越勇。我的力量隨着仇恨逐漸強大 !!
∴攻擊力+6300
∴力量 +600
∴攻擊速度 -40%
∴技能傷害 +7.5%
∴每當釋放技能 觸發火焰打擊
▣ 等級.100",686
128,glsk,狂暴·墮落統治魂翼,"[史詩]
- 禁斷聖物 翅膀 -
黑暗的力量環繞着你
∴全屬性 +255
∴技能傷害 +6%
∴持續傷害+12%
∴單目標打擊時，腐蝕目標
▣ 等級.100",711
129,gopr,死亡之刃,"[史詩]
- 傳奇至寶 武器 (近戰) -
放棄吧，愚蠢的人類！.
∴攻擊力+4000
∴敏捷 +410
∴生命值 +750
∴致命一擊倍率 +0.20x
∴每14次攻擊觸發血之釋放
▣ 等級.80",643
130,k3m1,亡魂頭盔,"[史詩]
- 傳奇至寶 頭盔 -
死亡與你同在 ..
∴護甲 +80
∴敏捷 +105
∴生命值 +450
∴技能傷害 & 致命一擊概率 +4.5%
∴點擊使用 發動亡魂怨曲
▣ 等級.80",678
131,k3m2,爆破之戒,"[史詩]
- 禁斷聖物 首飾 -
屬於我的力量永遠不會離我而去.
∴力量 +335
∴敏捷 +310
∴持續傷害+25%
∴所受治療量-25%
∴攻擊時幾率觸發爆破打擊
▣ 等級.100",708
132,k3m3,星辰閃耀·聖堂之翼,"[史詩]
- 禁斷聖物 翅膀 -
強大而純潔翅膀
∴全屬性 +190
∴主屬性 +45
∴魔法值恢復 +15
∴技能傷害 +12%
∴每當釋放技能幾率刷新除終極技能外所有技能
▣ 等級.100",673
133,ktrm,惡魔領主的號角,"[史詩]
- 神話傳說 頭盔 -
惡魔領主,會拿着它不斷採集儲蓄邪惡的法力
∴護甲 +55
∴力量 +85, 敏捷 +65
∴所受傷害-7.5%
∴點擊使用 發動靈魂鎖鏈
▣ 等級.90",636
134,kybl,血色憎恨,"[史詩]
- 禁斷聖物 武器 (法杖) -
仇恨給予我更強大的力量!
∴攻擊力+6450
∴智力 +705
∴技能傷害 +7.5%
∴每當釋放技能 智力 45, 火焰傷害 2%提升 (5次疊加)
∴點擊使用 緋紅凝視
▣ 等級.100",703
135,kygh,混沌碎片,"[史詩]
- 冥靈傳世 材料 -
∴點擊查看相關合成組合",297
136,kymn,龍蟠鳳翥訴哀殤劍,"[史詩]
- 禁斷聖物 武器 (近戰) -
一個人並不幸福，兩個人才是幸福～..
∴攻擊力+7650
∴力量 +500, 敏捷 +570
∴技能傷害 +5%
∴攻擊時幾率的額外傷害
∴與附近的友軍產生共鳴，從而變得更強大
▣ 等級.100",285
137,kysn,深淵之手·絕望的煙滅,"[史詩]
- 神話傳說 武器 (劍) -
當你擁有它的時候,剩下的只有沉浸在瘋狂,而不會感到疲倦.
∴攻擊力+4800
∴力量 +330, 敏捷 +450
∴致命一擊倍率 +0.25x
∴攻擊時幾率觸發末日
▣ 等級.90",210
138,ledg,覆滅之戒,"[史詩]
- 冥靈傳世 首飾 -
生之地與亡之地無關緊要。只需要戰鬥
∴全屬性 +295
∴主屬性 +125
∴造成傷害時將有15%的概率觸發40%的額外傷害
▣ 等級.100",295
139,phlt,腐蝕者,"[史詩]
- 神話傳說 武器 (劍) -
當你認識到你已經墮入萬丈深淵時已經晚了 !!
∴攻擊力+6000
∴力量 +510
∴攻擊速度 +20%
∴技能傷害 +3%
∴攻擊時幾率 造成前方扇形區域毒性傷害
▣ 等級.100",225
140,sehr,赤焰龍魂血刃,"[史詩]
- 傳奇至寶 武器 (近戰) -
聖潔的遺物。永遠不受玷污
∴攻擊力+5250
∴力量 +500
∴攻擊速度 -20%
∴技能傷害 +7.5%
∴攻擊時幾率 觸發高能打擊
▣ 等級.80",640
141,engs,混沌劈天刃,"[史詩]
- 冥靈傳世 武器 (近戰) -
它能釋放強大能量.
∴攻擊力+9150
∴力量 +705
∴技能傷害 +10%
∴攻擊時25% 幾率激活毀滅邊際 (CD: 5秒)
∴點擊使用 激活混沌 (CD: 60秒)
▣ 等級.100",715
142,sorf,斷魂血刃,"[史詩]
- 神話傳說 武器 (近戰) -
充滿嗜血的渴望
∴攻擊力+5250
∴力量 +500
∴智力 +205
∴攻擊速度 -50%
∴技能傷害 +5%
∴點擊使用 發動嗜血打擊
▣ 等級.100",688
143,gmfr,爆破之刃,"[史詩]
- 傳奇至寶 武器 (近戰) -
再不敢了！!
∴攻擊力+4000
∴力量 +320
∴攻擊速度 -15%
∴技能傷害 +5%
∴攻擊時幾率 觸發爆破
▣ 等級.70",639
144,jpnt,亡者魂衣,"[史詩]
- 禁斷聖物 鎧甲 -
吸收亡者靈魂獲得巨大能量..
∴護甲 +190
∴力量 +55, 敏捷 +225
∴技能傷害 +7%
∴致命一擊概率 +7%
∴生命值很低時短時間內減少所受傷害並提升生命恢復速度
▣ 等級.100",698
145,shwd,沉眠龍徽暗影之指,"[史詩]
- 禁斷聖物 首飾 -
注入能量的指環
∴全屬性 +295
∴致命一擊倍率 +0.2x
∴技能傷害 +6%
∴魔法抗性 +6%
∴點擊使用 激活潛能
▣ 等級.100",287
146,skrt,冰雹聖器,"[史詩]
- 神話傳說 武器 (弓箭) -
發動冰雹的武器！
∴攻擊力+4950
∴敏捷 +490
∴技能傷害 +5%
∴每次攻擊造成額外的魔法傷害並擁有減速效果
∴攻擊時幾率 發動冰雹打擊
∴冰屬性/水屬性傷害+7.5%
▣ 等級.100",692
147,thle,阿西培爾的亡者精神,"[史詩]
- 冥靈傳世 武器 (近戰) -
支配死亡的力量將讓你立於不敗之地
∴攻擊力+10500
∴力量 +750, 智力 +480
∴攻擊速度 -75%
∴將額外的回覆量轉換爲技能傷害
∴點擊使用 發動死亡之手
▣ 等級.100",689
148,sclp,深淵玫瑰,"[史詩]
- 禁斷聖物 首飾 -
永恆的玫瑰保護着你免受蹂躪
∴智力 +325
∴生命值 +1200
∴冰屬性/水屬性+6%
∴周圍的友軍 魔法抗性 8% 提高
∴點擊使用 觸發區域聖佑
▣ 等級.100",700
149,wtlg,真·魔淵·法力之源,"[史詩]
- 禁斷聖物 頭盔 -
永恆的不朽之心追求源源不斷的法力湧現
∴護甲 +105
∴智力 +250
∴魔法值 +1200
∴技能傷害 +10%
∴點擊使用 魔力專注
▣ 等級.100",707
150,wolg,地形檢查,,-1
151,mgtk,純淨花冠,"[史詩]
- 禁斷聖物 頭盔 -
使你頭腦變得透徹
∴護甲 +110
∴全屬性 +240
∴致命一擊概率 +10%
∴治療友軍時幾率 賦予寧靜
∴風屬性 +7.5%
▣ 等級.100",722
152,mort,@Unused,,-1
153,dphe,殺戮者長靴,"[史詩]
- 神話傳說 翅膀 -
惡魔在黑暗混沌鍾製作的特質戰靴
∴攻擊力+1350
∴力量 +105
∴敏捷 +150
∴致命一擊倍率 +0.10x
∴致命一擊概率 +6%
▣ 等級.90",214
154,dkfw,寒冬之擁,"[史詩]
- 禁斷聖物 鎧甲 -
穿上它，擁有冬天
∴護甲 +215
∴智力 +375
∴生命值 +900
∴技能傷害 & 魔法抗性 +8%
∴點擊使用 召喚冰霜幽靈
▣ 等級.100",719
155,dthb,殺戮頭盔,"[史詩]
- 神話傳說 頭盔 -
墮入深淵的殺戮者給予強大的力量
∴護甲 +90
∴敏捷 +145
∴生命值 +750
∴技能傷害 +6%
∴致命一擊概率 +6%
∴點擊使用 發送殺戮嘆息
▣ 等級.100",694
156,fgun,糖果揹包 +1,"[史詩]
- 傳奇至寶 武器 (揹包) -
極大的輕便揹包
∴攻擊力+3000
∴全屬性 +275
∴恢復量 +10%
∴魔法抗性 +10%
▣ 等級.70",654
157,lure,企鵝首領力量結晶,"[收藏品]
改變揹包的外觀.",429
158,olig,冰霜領主力量結晶,"[收藏品]
改變揹包的外觀.",201
159,amrc,守門人力量結晶,"[收藏品]
改變揹包的外觀.",179
160,ccmd,梟獸力量結晶,"[收藏品]
改變揹包的外觀.",224
161,flag,雪絮·寒影聖輝,"[史詩]
- 禁斷聖物 武器 (法杖) -
美麗誘惑而又讓人寒徹骨的武器
∴攻擊力+5550
∴智力 +705
∴生命值 +1800
∴釋放技能時造成下次攻擊強化
∴點擊使用 萬境蹤滅
∴冰屬性/水屬性傷害+8%
▣ 等級.100",791
162,gobm,死亡呼吸·劇毒之影,"[史詩]
- 神話傳說 武器 (劍) -
你可以聆聽到來自地獄的呼喊.
∴攻擊力+5700
∴力量 +235
∴敏捷 +475
∴技能傷害 +5%
∴每當釋放技能 下次攻擊附帶額外毒性傷害
∴點擊使用 發動死亡嗜血
▣ 等級.100",666
163,gsou,深淵精華,"[史詩]
- 禁斷聖物 材料 -
∴點擊查看相關合成組合",264
164,nflg,邊緣世界的魔石,"[史詩]
- 禁斷聖物 材料 -
∴點擊查看相關合成組合",263
165,nspi,火焰統治者力量結晶,"[收藏品]
改變揹包的外觀.",85
166,oflg,地獄熔岩火凰羽翼,"[史詩]
- 禁斷聖物 翅膀 -
蘊含地獄熔火的翅膀
∴攻擊力+2700
∴力量 & 敏捷 +225
∴生命值恢復 +90
∴所受傷害-7%
∴點擊使用 激活熔火
▣ 等級.100",777
167,pams,凱彼阿的萬千世界,"[史詩]
- 冥靈傳世 武器 (近戰) -
結束邪惡吧！重新開始!
∴攻擊力+9750
∴力量 +705
∴技能傷害 +12%
∴每當釋放技能 觸發榮耀戰歌
∴點擊使用 激活凱彼阿光波
▣ 等級.100",738
168,pgin,永恆守護之劍,"[史詩]
- 禁斷聖物 武器 (近戰) -
不屈的力量指引着你
∴攻擊力+6450
∴全屬性 +240
∴主屬性 +240
∴所受傷害-8%
∴點擊使用 發動大地裂傷
▣ 等級.100",274
169,rat3,拉克魯斯之劍,"[史詩]
- 禁斷聖物 武器 (近戰) -
給予你夢幻般的力量..
∴攻擊力+6600
∴力量 +315, 敏捷 +645
∴技能傷害 & 致命一擊概率 +7%
∴每當釋放技能 下次攻擊附加潮汐強化
∴點擊使用 下次攻擊激活幻想打擊
▣ 等級.100",702
170,rde0,真·軟布揹包,"[罕見]
- 武器 (揹包) -
∴攻擊力+600
∴全屬性 +60
∴生命值恢復 +20
∴魔法抗性 +8%
▣ 等級.40",576
171,rnsp,熊皮披風,"[魔力]
- 翅膀 -
∴全屬性 +25
∴技能傷害 +5%
▣ 等級.40",42
172,soul,怨恨靈符,"[史詩]
- 神話傳說 材料 -
∴點擊查看相關合成組合",127
173,tels,伯爵古角,"[史詩]
- 傳奇至寶 材料 -
∴點擊查看相關合成組合",354
174,tgxp,貝利亞力量,"[史詩]
- 冥靈傳世 武器 (近戰) -
一個惡魔貯存的力量
∴攻擊力+9300
∴力量 +315, 敏捷 +675
∴致命一擊倍率 +0.35x
∴攻擊時幾率末日裁決
∴點擊使用 惡魔之握
▣ 等級.100",736
175,uflg,地獄之光·毀滅災星,"[史詩]
- 禁斷聖物 武器 (近戰) -
一把釋放強大毀滅的劍
∴攻擊力+6450
∴力量 +565, 智力 +305
∴攻擊速度 -50%
∴每當釋放技能 激活毀滅打擊
∴點擊使用 觸發毀滅災星
▣ 等級.100",771
176,anfg,湮滅之光·時間指環,"[史詩]
- 禁斷聖物 首飾 -
擁有它，你可以擺脫時間的束縛
∴全屬性 +290
∴技能傷害 +8%
∴點擊使用 時空扭曲
∴生命值降到1以下時觸發回到過去
▣ 等級.100",776
177,brag,榮光·聖芒之戒,"[史詩]
- 傳奇至寶 首飾 -
聖光與你同在
∴全屬性 +210
∴周圍的友軍 護甲和生命值提高
∴每當釋放技能 充能神聖之光
∴點擊使用 釋放神聖之光
▣ 等級.80",681
178,drph,傑克隆登力量結晶,"[收藏品]
改變揹包的外觀.",158
179,iwbr,霜寒花冠,"[史詩]
- 禁斷聖物 頭盔 -
用魔力精煉而成的神祕花冠
∴護甲 +115
∴全屬性 +215
∴技能傷害 +7.5%
∴幾率觸發冰凍效果
∴冰屬性/水屬性傷害+7.5%
▣ 等級.100",721
180,jdrn,戾嘯魔龍面具,"[史詩]
- 禁斷聖物 頭盔 -
透過魔龍之眼看世界，一切變得如此清晰
∴護甲 +110
∴敏捷 +175
∴生命值 +1200
∴技能傷害 +7.5%
∴點擊使用 魔龍戾嘯
▣ 等級.100",774
181,lnrn,元素領主力量結晶,"[收藏品]
改變揹包的外觀.",166
182,mlst,拉撒路的傳家寶,"[史詩]
- 鴻蒙起源 首飾 -
契約將我們永遠捆綁在一起.
∴力量 +550
∴敏捷 & 智力 +200
∴點擊使用 激活血契
∴如果對自己使用或與 2個盟友締結契約，則啓用鮮血符文
▣ 等級.100",876
183,oslo,嗜血之鎧,"[史詩]
- 冥靈傳世 鎧甲 -
被詛咒的防具！
∴護甲 +200
∴主屬性 +270
∴生命值 +1500
∴所受治療量-15%
∴6秒觸發一次 釋放嗜血鬥氣
▣ 等級.100",293
184,sbok,追憶·呼嘯長風,"[史詩]
- 禁斷聖物 武器 (弓箭) -
擁有風的祝福，發動聖戰..
∴攻擊力+6900
∴敏捷 +570
∴攻擊速度 +20%
∴攻擊時發動風之打擊
▣ 等級.100",675
185,sksh,聖者遺物,"[史詩]
- 傳奇至寶 武器 (法杖) -
空洞的力量是不可怕的..
∴攻擊力+3100
∴智力 +370
∴生命值 +1000
∴每當釋放技能 4秒 周圍的友軍強化
▣ 等級.80",644
186,sprn,窺視之眼,"[史詩]
- 冥靈傳世 頭盔 -
不論何時何地都在注視着你 ..
∴護甲 +100
∴智力 +265 
∴技能傷害 +5%
∴魔法抗性 +15%
∴點擊使用 激活死亡回春
▣ 等級.100",294
187,tmmt,白天使力量結晶,"[收藏品]
改變揹包的外觀.",187
188,vddl,堅硬的外殼,"[魔力]
- 翅膀 -
∴護甲 +15
∴生命值 +500
∴生命值恢復 +10
▣ 等級.30",27
189,spre,糖果揹包,"[史詩]
- 傳奇至寶 武器 (揹包) -
漂亮的糖果揹包
∴攻擊力+2300
∴全屬性 +210
∴恢復量 +10%
∴魔法抗性 +10%
▣ 等級.60",652
190,sfog,黃色水晶魔像力量結晶,"[收藏品]
改變揹包的外觀.",157
191,sor1,死亡頭盔,"[罕見]
- 頭盔 -
∴護甲 +40
∴全屬性 +25
∴魔法值恢復 +15
▣ 等級.50",57
192,sor2,紛爭面紗,"[史詩]
- 傳奇至寶 材料 -
∴點擊查看相關合成組合",124
193,sor3,赤血魔刃,"[史詩]
- 禁斷聖物 武器 (近戰) -
浸注鮮血之劍 !
∴攻擊力+6900
∴敏捷 +685
∴生命值 +1800
∴致命一擊倍率 +0.25x
∴每14次攻擊時觸發血怒
∴每當釋放技能 幾率 觸發覺醒
▣ 等級.100",709
194,sor4,幻想霜寒魂翼,"[史詩]
- 禁斷聖物 翅膀 -
殘酷無情纔會勝利！
∴全屬性 +375
∴魔法抗性 +18%
∴周圍的單位被減速
∴點擊使用 激活幻想哀嚎
▣ 等級.100",713
195,sor5,冬日霜心,"[史詩]
- 禁斷聖物 武器 (劍) -
你擁有它可以支配嚴寒冬季！ !
∴攻擊力+7050
∴力量 +670, 敏捷 & 智力 +370
∴所受傷害-8%
∴每8次攻擊時觸發霜凍爆炸
∴點擊使用 釋放冰霜之力
▣ 等級.100",737
196,sor6,奧布里皮帽,"[史詩]
- 傳奇至寶 頭盔 -
死亡與你同在 ..
∴護甲 +75
∴力量 +60, 智力 +125
∴生命值很低時觸發奧布里嘆息
▣ 等級.80",679
197,sor7,真·奧布里皮帽,"[史詩]
- 神話傳說 頭盔 -
帶上它你將會克服死亡恐懼！ !
∴護甲 +85
∴力量 +95
∴智力 +165
∴生命值很低時觸發奧布里嘆息
∴點擊使用 觸發隱形
▣ 等級.100",695
198,sor8,死靈法袍,"[史詩]
- 禁斷聖物 鎧甲 -
已經掌控了強大力量..
∴護甲 +195
∴力量 +115, 智力 +315
∴魔法值恢復 +25
∴技能傷害 +8%
∴點擊使用 觸發魔力屏障
▣ 等級.100",699
199,sor9,幽魂潛行者,"[史詩]
- 禁斷聖物 武器 (弓箭) -
我的黑暗之箭追你至地獄!
∴攻擊力+8700
∴敏捷 +615
∴技能傷害 +12%
∴攻擊時幾率 激活噬魂打擊
▣ 等級.100",710
200,sora,混沌織網,"[史詩]
- 傳奇至寶 材料 -
∴點擊查看相關合成組合",125
201,fwss,山丘揹包,"[史詩]
- 神話傳說 武器 (揹包) -
餵我肉吧...
∴攻擊力+6000
∴力量 +540
∴技能傷害 +8%
∴所受傷害-20%
▣ 等級.100",734
202,shtm,自然之心,"[史詩]
- 禁斷聖物 材料 -
∴點擊查看相關合成組合",278
203,esaz,信仰·聖佑之盔,"[史詩]
- 禁斷聖物 頭盔 -
承載着信仰的頭盔
∴護甲 +135
∴力量 +200
∴所受傷害-12%
∴被攻擊時概率獲得生命值恢復
∴點擊使用 激活守護者的意志
▣ 等級.100",705
204,btst,魔龍之眼,"[史詩]
- 禁斷聖物 材料 -
∴點擊查看相關合成組合",255
205,tbsm,精良的揹包,"[魔力]
- 武器 (揹包) -
∴攻擊力+300
∴力量 +30
∴所受傷害-10%
▣ 等級.30",572
206,tfar,浩瀚揹包,"[史詩]
- 傳奇至寶 武器 (揹包) -
相當重的揹包
∴攻擊力+2600
∴力量 +250
∴技能傷害 +5%
∴所受傷害-15%
▣ 等級.60",651
207,tlum,末路·魔王之暗,"[史詩]
- 冥靈傳世 武器 (近戰) -
沒有人能逃脫魔王的控制.
∴攻擊力+8200
∴力量 +260
∴敏捷 +625
∴致命一擊倍率 +0.35x
∴攻擊時幾率末日裁決
▣ 等級.100",871
208,tbar,揹包,"[普通]
- 武器 (揹包) -
旅行商人的必需品。因爲它很重，普通人無法使用它，除非是旅行商人。.
∴攻擊力+150
∴力量 +20
▣ 等級.15",573
209,tbak,真·精良的揹包,"[罕見]
- 武器 (揹包) -
∴攻擊力+700
∴力量 +70
∴所受傷害-10%
▣ 等級.40",575
210,gldo,不一般的水晶魔像力量結晶,"[收藏品]
改變揹包的外觀.",410
211,stre,蜘蛛女皇力量結晶,"[收藏品]
改變揹包的外觀.",202
212,horl,無名之劍,"[史詩]
- 傳奇至寶 武器 (近戰) -
∴攻擊力+4700
∴力量 +390, 敏捷 +140
∴技能傷害 +6%
∴攻擊時幾率觸發恩賜解脫
▣ 等級.80",641
213,hbth,荒蕪·無盡絕望,"[史詩]
- 冥靈傳世 武器 (近戰) -
深不可測的力量在這條孤獨荒涼的道路盡頭等待着你.
∴攻擊力+8325
∴力量 +660
∴技能傷害 +8.5%
∴攻擊時幾率激活毀滅邊際
∴點擊使用 激活荒蕪
▣ 等級.100",870
214,blba,熾焰之癸,"[罕見]
- 首飾 -
∴力量 +90
∴敏捷 +75
∴致命一擊倍率 +0.2x
∴每當釋放技能 幾率觸發憤怒燃燒
▣ 等級.60",90
215,rugt,電棍力量結晶,"[收藏品]
改變揹包的外觀.",234
216,frhg,深淵揹包,"[史詩]
- 神話傳說 武器 (揹包) -
哇...很厲害的哦..
∴攻擊力+4500
∴力量 +430
∴技能傷害 +6%
∴所受傷害-18%
▣ 等級.100",732
217,gvsm,觸鬚統治者力量結晶,"[收藏品]
改變揹包的外觀.",101
218,crdt,誓約之戒·勇氣,"[史詩]
- 神話傳說 首飾 -
誓言的力量！
∴全屬性 +260
∴技能傷害 +5%
∴周圍的友軍 魔法抗性 8%提升
∴點擊使用 消耗生命值激活祈願
▣ 等級.100",247
219,arsc,卡迪斯·屠戮之刃,"[史詩]
- 鴻蒙起源 武器 (近戰) -
它浸透着無法洗去的鮮血
∴攻擊力+13600
∴主屬性 +500
∴技能傷害 +7.5%
∴移動速度 +75
∴攻擊時標記目標
∴點擊使用 激發屠戮
▣ 等級.100",872
220,scul,地淵沉星荊棘之甲,"[史詩]
- 禁斷聖物 鎧甲 -
來自地獄的荊棘之甲甚至能對佩戴者造成損傷
∴護甲 +220
∴力量 +310
∴技能傷害 +8%
∴在使用時或在受攻擊時，釋放荊棘之刺
∴在受到足夠傷害量時將充能下次荊棘之刺
▣ 等級.100",773
221,tmsc,幽芳自然揹包,"[史詩]
- 禁斷聖物 武器 (揹包) -
一個充滿自然活力的揹包
∴攻擊力+5700
∴全屬性 +585
∴恢復量 +12%
∴魔法抗性 +12%
▣ 等級.100",794
222,dtsb,巨人魔像力量結晶,"[收藏品]
改變揹包的外觀.",116
223,grsl,生命源泉,"[史詩]
- 神話傳說 材料 -
∴點擊查看相關合成組合",122
224,arsh,高潔七星龍淵劍,"[史詩]
- 禁斷聖物 武器 (近戰) -
光輝無盡，擁含深淵之精華的上古之劍
∴攻擊力+9900
∴力量 +645, 敏捷 +325
∴技能傷害 +12%
∴攻擊時幾率 觸發恩賜解脫
∴點擊使用觸發龍淵山崩
▣ 等級.100",739
225,shdt,火焰夢魘力量結晶,"[收藏品]
改變揹包的外觀.",242
226,shhn,萬聖節的大糖果袋,"[史詩]
- 傳奇至寶 首飾 -
投擲大號糖果歡度萬聖節
∴全屬性 +130
∴生命值 +1250
∴點擊使用 向周圍播撒糖果
▣ 等級.60",635
227,shen,伯爵力量結晶,"[收藏品]
改變揹包的外觀.",151
228,thdm,真·無名之劍,"[史詩]
- 神話傳說 武器 (近戰) -
加強力量的無名之劍。
∴攻擊力+6900
∴力量 +555
∴敏捷 +215
∴技能傷害 +9%
∴攻擊時幾率觸發恩賜解脫
▣ 等級.100",725
229,stpg,墮落之源,"[史詩]
- 神話傳說 材料 -
∴點擊查看相關合成組合",232
230,shrs,混沌魔影聖弓,"[史詩]
- 冥靈傳世 武器 (弓箭) -
想擁有無限的力量？那麼請支配它吧！ ..
∴攻擊力+10500
∴力量 +425, 敏捷 +825
∴技能傷害 +8%
∴攻擊時幾率 觸發混沌魔影
▣ 等級.100",716
231,bfhr,熾焰頭盔,"[罕見]
- 頭盔 -
∴護甲 +50
∴主屬性 +30
∴全屬性 +30
∴周圍的友軍速度提高
▣ 等級.60",88
232,cosl,藍色水晶魔像力量結晶,"[收藏品]
改變揹包的外觀.",165
233,shcw,熾熱焱器,"[罕見]
- 武器 (近戰) -
∴攻擊力+1650
∴力量 +130
∴技能傷害 +3%
∴攻擊時2% 幾率 力量 X 10的魔法傷害
▣ 等級.60",86
234,srbd,恩德拉的甦醒,"[史詩]
- 冥靈傳世 武器 (通用) -
呼喚惡魔守護你避免墮入死亡深淵.
∴攻擊力+9900
∴主屬性 +813
∴攻擊速度 +25%
∴生命值50%以下的敵人獲得傷害額外增強
∴12秒觸發一次 攻擊時發動死神鐮刀
▣ 等級.100",292
235,frgd,軟布揹包,"[魔力]
- 武器 (揹包) -
∴攻擊力+250
∴全屬性 +25
∴生命值恢復 +10
∴魔法抗性 +8%
▣ 等級.30",574
236,envl,遠古法老力量結晶,"[收藏品]
改變揹包的外觀.",123
237,rump,無盡虛空·破界之眼,"[史詩]
- 神話傳說 頭盔 -
你可以聆聽到來自異界的呼喚
∴護甲 +90
∴智力 +235
∴魔法抗性 +5%
∴周圍的友軍 技能傷害 +4%
∴點擊使用 召喚6只來自地獄的魔獸
▣ 等級.100",668
238,srtl,風暴之戒,"[史詩]
- 禁斷聖物 首飾 -
強者的象徵!
∴全屬性 +280
∴攻擊速度 +15%
∴每當釋放技能 6秒 技能傷害 3%提升 (4次疊加)
∴點擊使用 發動風暴領域
▣ 等級.100",275
239,stwa,焱石,"[罕見]
- 首飾 -
∴力量 +70
∴智力 +90
∴每當釋放技能 3秒 生命值恢復 90, 技能傷害 6%提升
▣ 等級.60",89
240,klmm,白色水晶魔像力量結晶,"[收藏品]
改變揹包的外觀.",208
241,rots,護法滅魔,"[史詩]
- 禁斷聖物 首飾 -
古代魔力符文形態的戒指.
∴力量 +425, 敏捷 & 智力 +175
∴所受傷害-9%
∴周圍的友軍 所受傷害6%減少, 所受治療量12%提升
∴點擊使用 古代符文
▣ 等級.100",723
242,axas,炙炎梵天之冠,"[史詩]
- 禁斷聖物 頭盔 -
蘊含真聖焱的頭冠
∴護甲 +105
∴全屬性 +190
∴技能傷害 +6%
∴觸發聖焱
∴火焰傷害 +5%
▣ 等級.100",764
243,mnsf,墮落天使力量結晶,"[收藏品]
改變揹包的外觀.",194
244,schl,嗜血·蝙蝠之翼,"[史詩]
- 神話傳說 翅膀 -
美！人！兒！美！人！兒！
∴敏捷 +165
∴智力 +165
∴生命值 +1200
∴400碼移動距離時觸發飢渴嗜血
▣ 等級.100",784
245,asbl,殤靈光羽號角,"[史詩]
- 冥靈傳世 首飾 -
引發毀滅打擊的號角
∴智力 +435
∴生命值 +3000
∴技能傷害 +6%
∴周圍的友軍強化
∴使用觸發光羽打擊
▣ 等級.100",765
246,kgal,夢魘縛靈·塵封之眼,"[史詩]
- 禁斷聖物 武器 (弓箭) -
我會燃燒束縛你的靈魂 !!
∴攻擊力+7800
∴力量 +260, 敏捷 +615
∴攻擊時幾率觸發熔岩凝視
∴火焰傷害 +12%
▣ 等級.100",772
247,gold,萬聖節小鬼力量結晶,"[收藏品]
改變揹包的外觀.",424
248,lmbr,迷你聖誕老人MK2力量結晶,"[收藏品]
改變揹包的外觀.",427
249,gfor,深海之翼,"[罕見]
- 翅膀 -
∴全屬性 +40
∴生命值恢復 +10
∴魔法值恢復 +10
∴獲得經驗值+10%
∴擊殺怪物時有幾率觸發大海祝福(獲得經驗值提升)
∴點擊使用 使用時生成連接當前位置和新手村的傳送陣
▣ 等級.30",568
250,guvi,惡魔之握,"[史詩]
- 傳奇至寶 武器 (劍) -
所擁有的就是這個能幹掉所有的右手
∴攻擊力+3720
∴力量 +240
∴敏捷 +240
∴生命值恢復 +30
∴攻擊時幾率 觸發潮汐範圍打擊
▣ 等級.80",642
251,rspl,暗夜魔槍,"[罕見]
- 武器 (槍支) -
∴攻擊力+3000
∴攻擊速度 +30%
▣ 等級.50",69
252,rre1,遠古骨龍力量結晶,"[收藏品]
改變揹包的外觀.",258
253,rre2,混沌力量結晶,"[收藏品]
改變揹包的外觀.",-1
254,gomn,血精石甲,"[史詩]
- 傳奇至寶 鎧甲 -
蘊含血精之石的堅硬鎧甲
∴護甲 +150
∴力量 +100
∴敏捷 +40
∴智力 +100
∴所受傷害-6%
∴點擊使用 觸發血石之盾
▣ 等級.60",655
255,rsps,海洋姑娘2力量結晶,"[收藏品]
改變揹包的外觀.",416
256,rspd,蝙蝠之翼,"[罕見]
- 翅膀 -
∴敏捷 +60
∴智力 +60
∴生命值 +600
∴400碼移動距離後觸發吸血打擊
▣ 等級.50",71
257,rman,萬聖節小孩力量結晶,"[收藏品]
改變揹包的外觀.",422
258,rma2,萬聖節蜘蛛力量結晶,"[收藏品]
改變揹包的外觀.",420
259,rres,真·血精石甲,"[史詩]
- 神話傳說 鎧甲 -
蘊含血精之石的堅硬鎧甲
∴護甲 +190
∴力量 +160
∴敏捷 +60
∴智力 +160
∴所受傷害-6%
∴點擊使用 觸發血石之盾
▣ 等級.100",754
260,rreb,海洋姑娘3力量結晶,"[收藏品]
改變揹包的外觀.",417
261,rhe1,守護巖甲,"[罕見]
- 鎧甲 -
∴護甲 +130
∴力量, 智力 +75
∴所受傷害-5%
∴點擊使用 觸發石盾
▣ 等級.50",70
262,rhe2,美味的肉,"[食物]
從哪兒來的肉?
∴15分鐘內主屬性 +10 提高",12
263,rhe3,萬聖節傀儡力量結晶,"[收藏品]
改變揹包的外觀.",421
264,rdis,海洋姑娘1力量結晶,"[收藏品]
改變揹包的外觀.",415
265,rwat,忠誠·擲閃電者,"[史詩]
- 鴻蒙起源 武器 (法杖) -
擊落閃電的法杖，強大的力量宛如上帝憤怒一般
∴攻擊力+10300
∴智力 +840
∴生命值 +2000
∴技能傷害 +5%
∴致命一擊倍率 +0.3x
∴攻擊時觸發閃電印記
▣ 等級.100",873
266,pclr,綠色水晶魔像力量結晶,"[收藏品]
改變揹包的外觀.",19
267,plcl,附魔追逐者,"[史詩]
- 禁斷聖物 武器 (槍支) -
不要錯過任何讓你變強大的機會
∴攻擊力+7000
∴敏捷 +570, 智力 +275
∴攻擊速度 +25%
∴技能傷害 +8%
∴使用觸發附魔追逐
▣ 等級.100",760
268,silk,末日·火舞之怒·焰紋封魔炮,"[史詩]
- 禁斷聖物 武器 (槍支) -
絕望吧！！.
∴攻擊力+7800
∴敏捷 +610
∴致命一擊倍率 +0.25x
∴6秒觸發一次攻擊附加毀滅末日強化
▣ 等級.100",761
269,vamp,冥諭·鑄血甲冑,"[史詩]
- 禁斷聖物 鎧甲 -
給我血!
∴護甲 +220
∴力量 & 智力 +210
∴敏捷 +90
∴技能傷害 +4%, 持續傷害+12%
∴所受傷害-6%
∴點擊使用 鑄血
▣ 等級.100",792
270,sreg,巨龍之怒·縛靈之手,"[史詩]
- 禁斷聖物 武器 (通用) -
可以讓你控制巨龍的武器
∴攻擊力+5700
∴全屬性 +450
∴生命值恢復 +90
∴技能傷害 +7.5%
∴點擊使用 釋放巨龍之力
▣ 等級.100",252
271,ssan,火舞之怒·焰紋封魔炮,"[史詩]
- 神話傳說 武器 (槍支) -
你會被憤怒針對
∴攻擊力+7050
∴敏捷 +540
∴致命一擊概率 +5%
∴攻擊時幾率 觸發熾熱憤怒
▣ 等級.100",236
272,tcas,力量揹包,"[罕見]
- 武器 (揹包) -
∴攻擊力+1400
∴力量 +150
∴技能傷害 +5%
∴所受傷害-15%
▣ 等級.50",605
273,I0SA,船票 - 樂土,"[船票]
你是否想魂歸樂土？
▣需求等級: 100",-1
274,I0S9,血神之眼,"[史詩]
- 鴻蒙起源 頭盔 -
充滿渴望的眼睛
∴護甲 +135
∴智力 +375
∴魔法抗性 +10%
∴周圍的友軍傷害和技能傷害 7.5%提升
∴點擊使用 赤紅之子
▣ 等級.100",917
275,I0S8,神祕盒子,"[特殊物品]
想知道是什麼嗎?
∴低概率贈予獎勵",401
276,I0S7,靈魂追逐者,"[史詩]
- 鴻蒙起源 武器 (槍支) -
一顆追逐靈魂的神祕子彈
∴攻擊力+10500
∴敏捷 +845
∴智力 +425
∴攻擊速度 +45%
∴技能傷害 +17.5%
∴技能命中累積魂量
∴點擊使用 激活靈魂追逐
▣ 等級.100",921
277,I0S5,纘載·半神面具,"[史詩]
- 冥靈傳世 頭盔 -
擁有半神力量的面具
∴護甲 +130
∴敏捷 +255
∴生命值 +1500
∴生命值恢復 +120
∴技能傷害 +12%
∴點擊使用 半神模式
▣ 等級.100",829
278,I0S4,彩虹貓咪力量結晶,[收藏品],413
279,I0S3,歡樂時光獎勵,"參與遊戲的玩家的數量會激活不同的祝福加成.

2-6個玩家獲得的祝福加成
經驗值獲取4~20% 提高
BOSS重生時間 5~30%減少
小型BOSS最大可召喚2~10次
中型BOSS可召喚1~5次

6個以上玩家獲得的祝福加成
中型BOSS的掉率10% 提高",-1
280,I0S2,確認掉落物品,確認BOSS掉落的物品.,-1
281,I0S1,災變花冠,"[史詩]
- 鴻蒙起源 頭盔 -
混亂！ 破壞! 遺忘!
∴護甲 +145
∴全屬性 +300
∴技能傷害 +10%
∴火焰傷害 +7.5%
∴自然屬性+5%
∴點擊使用激活大災變
▣ 等級.100",901
282,I0S0,週年慶留念,[收藏品],-1
283,I0RZ,週年慶之夢徽章,"[收藏品]
這是真的麼?",-1
284,I0RY,勇敢的螃蟹力量結晶,[收藏品],418
285,I0RX,週年慶禮物,"[特殊物品]
想知道是什麼嗎?
∴低概率贈予獎勵
∴如果退出戰鬥，將自動使用",402
286,I0RW,蔚藍翅膀,"[收藏品]
蔚藍翅膀",506
287,I0RV,魔法石碑,"[收藏品]
充滿魔力的石碑。在你死後可以放下一塊華麗的石碑.",536
288,I0RU,存儲擴展券,"存儲擴展1格.
最高12個小格子擴展.",407
289,I0RT,腐敗光環,"[特殊物品]
附加時受到持續傷害，每秒增加5點；未附加時3秒後每秒減少8點。如果疊加超過 50，你的生命能量開始枯萎.

點擊使用 將你一半的生命能量轉移到目標.",400
290,I0RS,生命能量,"[特殊物品]
每損失1點，你從他人那裏獲得的生命回覆和治療量減少0.8%。當它達到0時，你就會死亡。.

點擊使用將50%的生命能量轉移給目標.",399
291,I0RR,事件 開/關,"啓用/禁用事件.

如果您與其他玩家一起玩，請在使用此選項前諮詢他們.",-1
292,I0RQ,弗羅斯特先驅的衣服,"[史詩]
- 鴻蒙起源 鎧甲 -
世界將被暴風雪覆蓋
∴護甲 +235
∴智力 +475
∴生命值 +1500
∴技能傷害 +10%
∴魔法抗性 +10%
∴冰屬性/水屬性+5%
∴裝備時，啓用冰霜光環
∴點擊使用 召喚冰霜先驅
▣ 等級.100",888
293,I0RP,蔚藍幻影光環,,436
294,I0RO,藍色符文光環,[收藏品],435
295,I0RN,拉撒路的傳家寶,"[史詩]
- 鴻蒙起源 首飾 -
契約將我們永遠捆綁在一起.
∴力量 +550
∴敏捷 & 智力 +200
∴點擊使用 激活血之符文
∴若該物品卸下，鮮血契約將被停用
▣ 等級.100",876
296,I0RM,土靈鑰匙,"[召喚類物品]
可以開啓土靈房間的鑰匙",-1
297,I0RL,土靈鑰匙 交換,"[交易]
綠色魔法石 3個和混沌之石 3枚交換1個土靈鑰匙.",-1
298,I0RK,聖誕樹,[收藏品],-1
299,I0RJ,冰川光環,[收藏品],445
300,I0RI,雪橇,[收藏品],534
301,I0RH,辰光·神化之星,"[史詩]
- 鴻蒙起源 首飾 -
高高翱翔，凌駕於世界的瘋狂之上.
∴全屬性 +450
∴技能傷害 +15%
∴點擊使用 神化
▣ 等級.100",892
302,I0RG,魔法硬幣,"[神祕物品]
- 商品 -
充滿魔力的硬幣.

魔法硬幣 1枚 -> 普瑞斯銀幣 1枚
魔法硬幣 100枚 -> 世界大咖·歐皇硬幣 1枚",381
303,I0RF,調整難度,調整BOSS的難度模式.,-1
304,I0RE,驚世·魔靈千星,"[史詩]
- 鴻蒙起源 頭盔 -
我是誰?
∴護甲 +140
∴全屬性 +290
∴技能傷害 +12.5%
∴暗屬性 +7.5%
∴點擊使用 瘋狂之影
▣ 等級.100",889
305,I0RD,船票 - 沙灘,"[船票]
在海邊有許多墨洛克人.
▣需求等級: 30",-1
306,I0RC,恐怖之夜徽章,"[收藏品]
哇哈哈哈!",-1
307,I0RB,地獄犬,"[收藏品]
來自地獄的獵犬.",531
308,I0R9,(特殊) 獨尊·喧囂血翼持續隱身,,-1
309,I0R8,引導者力量結晶,[收藏品],351
310,I0R7,土神力量結晶,[收藏品],334
311,I0R6,公爵力量結晶,"[收藏品]
改變揹包的外觀.",328
312,I0R5,硬幣兌換,將所有掉落的物品轉換爲硬幣.,-1
313,I0R4,祭典之念,"[史詩]
- 鴻蒙起源 材料 -
∴點擊查看相關合成組合",325
314,I0R3,靈魂綻放,"[史詩]
- 鴻蒙起源 材料 -
∴點擊查看相關合成組合",326
315,I0R2,血之精華,"[史詩]
- 鴻蒙起源 材料 -
∴點擊查看相關合成組合",324
316,I0R1,冰龍魔術棒,[收藏品],-1
317,I0R0,銀狼魔術棒,[收藏品],-1
318,I0QZ,下一頁,確認下一頁.,-1
319,I0QY,主天使魔術棒,[收藏品],-1
320,I0QX,火焰夢魘魔術棒,[收藏品],-1
321,I0QW,魔龍魔術棒,[收藏品],-1
322,I0QV,自然守護者魔術棒,[收藏品],-1
323,I0QU,死亡吞噬者魔術棒,[收藏品],-1
324,I0QT,女妖魔術棒,[收藏品],-1
325,I0QS,怨魔魔術棒,[收藏品],-1
326,I0QR,瓦爾托拉魔術棒,[收藏品],-1
327,I0QQ,火神魔術棒,[收藏品],-1
328,I0QP,水神魔術棒,[收藏品],-1
329,I0QO,阿加雷斯魔術棒,[收藏品],-1
330,I0QN,世界大咖·歐皇硬幣 交換,"如果你給我4個神祕海螺，我將送給你一枚歐皇硬幣.

最高3次.",-1
331,I0QL,螃蟹魔術棒,[收藏品],-1
332,I0QK,大龍蝦,"[收藏品]
憤怒的龍蝦",528
333,I0QJ,週年慶活動門票,"[召喚類物品]
邀請您參加週年慶活動!
◎激活“海蝕洞狂歡”和“螃蟹盛會”",-1
334,I0QI,幽茫·靈魂深鎖,"[史詩]
- 鴻蒙起源 武器 (通用) -
收割你的最後一口氣
∴攻擊力+13000
∴主屬性 +1150
∴攻擊速度 +35%
∴技能傷害 +12.5%
∴生命值50%以下的敵人受到傷害時遭受深淵之踏
∴點擊使用 幽茫之擊
▣ 等級.100",880
335,I0QH,怨魔 徽章,[收藏品],298
336,I0QG,歡樂翅膀,"[收藏品]
歡樂翅膀",514
337,I0QF,暮光翅膀,"[收藏品]
暮光翅膀",513
338,I0QE,魂靈力量結晶,[收藏品],345
339,I0QD,勝利者翅膀,"[收藏品]
勝利者翅膀",512
340,I0QC,巔峯坐騎·穹宇之主,"[收藏品]
是傳說中守護天空的鳥。.",521
341,I0QB,再次召喚BOSS,恢復英雄周圍單位的生命值。,-1
342,I0QA,放棄戰利品,放棄獲得戰利品的權利。.,-1
343,I0Q9,潮汐鑰匙 交換,"[交易]
藍色魔法石 3個和混沌之石 3個收齊之後可以交換潮汐鑰匙.",-1
344,I0Q8,爝火鑰匙 交換,"[交易]
紅色魔法石 3個和混沌之石 3個收齊之後可以交換爝火鑰匙.",-1
345,I0Q7,風暴鑰匙 交換,"[交易]
白色魔法石 3個和混沌之石 3個收齊之後可以交換風暴鑰匙.",-1
346,I0Q6,船票 - 普瑞斯前沿陣地,"[船票]
爲了快速消滅墮落的生物，冒險者創建的一個基地。.
▣需求等級: 100
▣推薦等級: 神話傳說品質以上裝備的冒險者",-1
347,I0Q5,船票 - 熔岩火山,"[船票]
熔岩火山可是令人恐懼的地方.
▣需求等級: 60
▣推薦等級: 60~70",-1
348,I0Q4,無痕·破碎之心,"[史詩]
- 鴻蒙起源 武器 (通用) -
獻上你的心!
∴攻擊力+10700
∴主屬性 +930
∴攻擊速度 +30%
∴技能傷害 +7.5%
∴生命值50%以下的敵人獲得傷害額外增強
∴點擊使用 無痕破碎
▣ 等級.100",878
349,I0Q3,黑珍珠,"[魔力]
- 材料 -
∴點擊查看相關合成組合",28
350,I0Q2,猩紅尖牙,"[魔力]
- 武器 (通用) -
∴攻擊力+65
∴主屬性 +25
∴致命一擊概率 +10%
∴每攻擊時10 生命值恢復
▣ 等級.10",563
351,I0Q1,普瑞斯銅幣,"[史詩]
- 傳奇至寶 硬幣品級 -
用有價值的童話可向收藏家兌換其他物品。.",375
352,I0Q0,收割之神(坐騎),[收藏品],532
353,I0PZ,獲取戰利品,隨機獲得BOSS掉落的戰利品.,-1
354,I0PY,遠古樹枝,"[召喚類物品]
召喚儀式上使用的樹枝
◎3個集齊可以召喚BOSS自然守護者",9
355,I0PX,返回點設置,將當前地點指定爲迴歸和復活位置.,-1
356,I0PW,奇異事件,"這是本次活動的注意事項.

活動時間: 03/27 ~ 04/10

活動內容: 隨機Boss在地圖上每 4 分鐘隨機生成一次.
勿信謠.

切記：活動所得物品必須進行相關認證，認證方法請查看百度貼吧世界RPG吧活動專貼.",-1
357,I0PV,紫色幸運光環,[收藏品],448
358,I0PU,煙花,[收藏品],-1
359,I0PT,世界大咖·法老坐騎,"[收藏品]
騎上它放飛自我",518
360,I0PS,世界大咖·冰龍坐騎,"[收藏品]
騎上它放飛自我",520
361,I0PR,(特殊)的屬性積分,,-1
362,I0PQ,殺戮者長靴 藏品,"[收藏品]
殺戮者長靴",489
363,I0PP,征服·無雙之戒,"[史詩]
- 冥靈傳世 首飾 -
無雙之戒征服一切
∴全屬性 +420
∴技能傷害 +12.5%
∴造成傷害時將有20% 幾率 25%的額外傷害
∴每當釋放技能 15% 幾率 5秒持續時間內傷害5% 提高
∴在受到攻擊時有概率激活絕對守護
▣ 等級.100",868
364,I0PO,詭異·罪惡印記,"[史詩]
- 冥靈傳世 首飾 -
據說，使用者的罪惡越深重，它會更閃耀強大.
∴全屬性 +330
∴魔法值 +3750
∴技能傷害 +7.5%
∴點擊使用 釋放禁忌法術
▣ 等級.100",867
365,I0PN,烈衝·憤怒之冠,"[史詩]
- 冥靈傳世 頭盔 -
蘊含巨大憤怒之氣
∴護甲 +110
∴全屬性 +225
∴技能傷害 +7%
∴點擊使用 激活烈衝之怒
∴火焰傷害 +6%
▣ 等級.100",866
366,I0PM,紅蓮花,"[收藏品]
紅蓮花",442
367,I0PL,世界大咖·歐皇硬幣 交換,"玉塵冰晶3個換1個世界大咖·歐皇硬幣.

最高3次.",-1
368,I0PK,暖曦靈魂,"[收藏品]
暖曦靈魂",443
369,I0PJ,酷寒靈魂,"[收藏品]
酷寒靈魂",444
370,I0PI,萬聖節蜘蛛,"[收藏品]
騎個蜘蛛咋樣?",530
371,I0PH,世界大咖·歐皇硬幣 交換,"3個發光的糖塊交換1枚世界大咖·歐皇硬幣.

活動期間最多可以交換3次.",-1
372,I0PG,南瓜領地邀請函,"[召喚類物品]
南瓜南瓜，可愛的南瓜，去摘.
◎開啓活動事件“南瓜領地”",-1
373,I0PF,神祕靈魂光環,"[收藏品]
神祕靈魂光環",440
374,I0PE,邪惡靈魂光環,"[收藏品]
邪惡靈魂光環",439
375,I0PD,閃耀靈魂光環,"[收藏品]
閃耀靈魂光環",438
376,I0PC,橙色的幸運光環,[收藏品],450
377,I0PB,幼小幽靈魔術棒,"[收藏品]
召喚小跟班幼小幽靈.",-1
378,I0PA,和諧·生命之光,"[史詩]
- 冥靈傳世 武器 (法杖) -
生命擁有無上的美好.
∴攻擊力+7800
∴智力 +720
∴每當釋放技能觸發生命火焰
∴點擊使用 生命終結
∴自然屬性+10%
▣ 等級.100",864
379,I0P9,聚華·大地之心,"[史詩]
- 禁斷聖物 武器 (法杖) -
吸收天地之精華、蘊含巨大法力的神器
∴攻擊力+7050
∴智力 +645
∴每當釋放技能觸發恢復
∴點擊使用 觸發混沌光暈
∴自然屬性+8%
▣ 等級.100",856
380,I0P8,空靈·深邃之甲,"[史詩]
- 冥靈傳世 鎧甲 -
我能看清所有創造物
∴護甲 +290
∴力量 +375, 敏捷 +180
∴所受傷害-15%
∴生命處於50%以下時激活深邃喚醒
∴點擊使用 撕裂地平線
▣ 等級.100",865
381,I0P7,世界大咖·巨龍坐騎,"[收藏品]
騎上它放飛自我",519
382,I0P6,降世·邪惡種籽,"[史詩]
- 冥靈傳世 首飾 -
只要有人存在，就會無限傳播.
∴全屬性 +360
∴魔法值 +4500
∴技能傷害 +9%
∴點擊使用 釋放禁忌法術
∴施法時產生邪惡種籽
▣ 等級.100",863
383,I0P5,錮魂·寒冰指環,"[史詩]
- 冥靈傳世 首飾 -
裏面禁錮着靈魂的遠古戒指
∴主屬性 +555
∴攻擊速度 +30%
∴技能傷害 +17.5%
∴魔法值恢復 +20
∴點擊使用 錮魂霜盾
▣ 等級.100",862
384,I0P4,帝命九華赤霄劍,"[史詩]
- 冥靈傳世 武器 (近戰) -
寒光逼人、刃如霜雪的寶劍陪伴着你走孤獨的道路.
∴攻擊力+10950
∴力量 +700, 敏捷 +345
∴技能傷害 +15%
∴攻擊時幾率發動寒光斬擊
∴點擊使用 赤霄
▣ 等級.100",861
385,I0P3,地底君主力量結晶,[收藏品],322
386,I0P2,海神力量結晶,[收藏品],316
387,I0P1,火靈戰神力量結晶,[收藏品],311
388,I0P0,瓦爾托拉力量結晶,"[收藏品]
改變揹包的外觀.",306
389,I0OZ,世界大咖·歐皇硬幣,"[神祕物品]
- 商品 -
歐皇專用硬幣，既努力還很歐的世界大咖才配擁有.",377
390,I0OY,世界大咖·歐皇服裝,[收藏品],-1
391,I0OX,純淨翅膀 藏品,"[收藏品]
純淨翅膀",488
392,I0OW,剎那·風王袍服,"[史詩]
- 冥靈傳世 鎧甲 -
擁有極快速度的袍服.
∴護甲 +200
∴敏捷 +435
∴技能傷害 & 魔法抗性 +10%
∴每當釋放技能 1.5秒持續時間的風怒觸發
▣ 等級.100",860
393,I0OV,純淨翅膀,"[史詩]
- 傳奇至寶 鎧甲 -
∴全屬性 +130
∴移動速度 +50
∴5秒觸發一次 周圍的友軍獲得生命值1000 恢復
▣ 等級.70",105
394,I0OU,萊茵水滴,"[史詩]
- 傳奇至寶 首飾 -
∴全屬性 +100
∴生命值恢復 +20
∴魔法值恢復 +20
∴點擊使用 利用水滴形成屏障
∴冰屬性/水屬性傷害+5%
▣ 等級.70",104
395,I0OT,潮汐法衣,"[史詩]
- 傳奇至寶 鎧甲 -
∴護甲 +110
∴智力 +140
∴魔法抗性 +7.5%
∴被攻擊時5秒內獲得生命值1200 恢復
▣ 等級.70",103
396,I0OS,三叉戟,"[史詩]
- 傳奇至寶 武器 (通用) -
∴攻擊力+2750
∴主屬性 +200
∴技能傷害 +5%
∴每當釋放技能後接下來3次攻擊得到強化
▣ 等級.70",102
397,I0OR,孤寂·深淵披風 藏品,"[收藏品]
孤寂·深淵披風",487
398,I0OQ,永生·不朽之翼 藏品,"[收藏品]
永生·不朽之翼",486
399,I0OP,悲魔·攝靈者 藏品,"[收藏品]
悲魔·攝靈者",485
400,I0OO,混沌魔鎬,"[史詩]
- 冥靈傳世 鎬頭 -
∴採礦速度: 4秒挖掘1次
∴可以挖掘巨型石礦和混沌石礦",385
401,I0ON,蒼破·魔神之角,"[史詩]
- 冥靈傳世 頭盔 -
回到過去.
∴護甲 +115
∴主屬性 +105, 全屬性 +165
∴技能傷害 & 致命一擊概率 +15%
∴所受傷害+12%
∴3000碼移動距離時，在下一次攻擊釋放毀滅光線
▣ 等級.100",858
402,I0OM,歸反·智慧源泉,"[史詩]
- 冥靈傳世 頭盔 -
一個能洞察萬物的全知源泉
∴護甲 +115
∴智力 +330
∴魔法值 +2250
∴技能傷害 +12%
∴每當釋放技能 7.5% 幾率觸發頓悟
∴點擊使用 魔力專注
▣ 等級.100",857
403,I0OL,洩矢·惡魔之手,"[史詩]
- 冥靈傳世 首飾 -
沾滿靈魂的惡魔之手
∴攻擊力+2400
∴全屬性 +270, 主屬性 +90
∴技能傷害 &傷害減免率 +9%
∴點擊使用和5秒觸發一次 造成下次攻擊附加惡魔之握強化
▣ 等級.100",859
404,I0OK,孤寂·深淵披風,"[史詩]
- 冥靈傳世 翅膀 -
他曾說，在深淵等你.
∴全屬性 +325
∴技能傷害 +9%
∴持續傷害+13.5%
∴直接命中時，激活腐蝕
▣ 等級.100",854
405,I0OJ,永生·不朽之翼,"[史詩]
- 冥靈傳世 翅膀 -
感覺，我不會死了
∴全屬性 +375
∴生命值 +2250
∴所受傷害-10%
∴持續戰鬥狀態提高屬性
∴死亡時復活
▣ 等級.100",853
406,I0OI,悲魔·攝靈者,"[史詩]
- 冥靈傳世 翅膀 -
每個可怕的靈魂都是我的力量 ..
∴力量 +255, 智力 +480
∴技能傷害 & 魔法抗性 +9%
∴5秒觸發一次生命值和魔法值的10% 恢復
∴點擊使用 吞噬靈魂
▣ 等級.100",855
407,I0OH,冥煞·混世血甲,"[史詩]
- 冥靈傳世 鎧甲 -
給我血!
∴護甲 +250
∴全屬性 +300
∴技能傷害 &傷害減免 +7.5%
∴生命處於20%以下時觸發嗜血渴望
∴點擊使用 鑄血
▣ 等級.100",851
408,I0OG,救濟·無上法袍,"[史詩]
- 冥靈傳世 鎧甲 -
尋求神靈保佑拯救那冤死的靈魂
∴護甲 +230
∴智力 +405
∴生命值 +2250
∴周圍的友軍 技能傷害 8% & 魔法抗性 10%提升
∴點擊使用 救濟
▣ 等級.100",849
409,I0OF,塔那拖斯·深淵法衣,"[史詩]
- 冥靈傳世 鎧甲 -
無盡的深淵力量。。。熟悉的配方
∴護甲 +200
∴智力 +525
∴魔法值 +1500
∴技能傷害 +15%
∴點擊使用 絕滅
▣ 等級.100",850
410,I0OE,追想·業風之戒,"[史詩]
- 冥靈傳世 首飾 -
想要自由的人，就把身體託付給風吧.
∴全屬性 +375
∴移動速度 +60
∴攻擊速度 +45%
∴攻擊和釋放技能時有幾率觸發神風
∴點擊使用瞬間移到目標位置
▣ 等級.100",852
411,I0OD,羲和·靜籟永恆,"[史詩]
- 冥靈傳世 鎧甲 -
世界，終於安靜了..
∴護甲 +275
∴力量 +375, 敏捷 +240
∴魔法抗性 +12%
∴持續地使 周圍的友軍獲得生命值生命恢復
∴點擊使用 靜籟永恆
▣ 等級.100",847
412,I0OC,祓厄·毀滅之劍,"[史詩]
- 冥靈傳世 武器 (近戰) -
附帶災難的劍
∴攻擊力+8250
∴力量 +645, 智力 +405
∴攻擊速度 -75%
∴每當釋放技能 激活毀滅打擊
∴點擊使用 附魔之劍
▣ 等級.100",846
413,I0OB,哀歌·守夜者翅膀,"[史詩]
- 冥靈傳世 翅膀 -
守夜者的翅膀
∴力量 +300
∴敏捷 +285
∴移動速度 +50
∴技能傷害 +7.5%
∴每當釋放技能 造成下次攻擊強化
∴強化攻擊疊加瘋狂之夜
▣ 等級.100",848
414,I0OA,哀歌·守夜者翅膀 藏品,"[收藏品]
哀歌·守夜者翅膀",484
415,I0O9,荊棘·霜寒羽翼 藏品,"[收藏品]
荊棘·霜寒羽翼",483
416,I0O8,焚神·浴火魂翼 藏品,"[收藏品]
焚神·浴火魂翼",482
417,I0O7,破穹·勇敢之心 藏品,"[收藏品]
破穹·勇敢之心",481
418,I0O6,破邪·蒼穹統治者 藏品,"[收藏品]
破邪·蒼穹統治者",480
419,I0O3,貪婪·無盡詛咒,"[史詩]
- 冥靈傳世 翅膀 -
人類的貪婪是無止境的。
∴主屬性 +405
∴生命值&魔法值 +2250
∴所受治療量-25%
∴造成傷害時觸發貪婪
▣ 等級.100",317
420,I0O2,公爵魔石,"[史詩]
- 鴻蒙起源 硬幣品級 -",327
421,I0O1,上古祕書,"[史詩]
- 鴻蒙起源 材料 -
∴點擊查看相關合成組合",337
422,I0O0,普瑞斯白金硬幣,"[史詩]
- 冥靈傳世 硬幣品級 -
很值錢的硬幣。 它可以與收藏家交易其他物品.",299
423,I0NZ,普瑞斯黃金硬幣,"[史詩]
- 禁斷聖物 硬幣品級 -
一種有價值的硬幣，可收集它用來交易其他物品.",257
424,I0NY,購買稀有物品,消耗硬幣買自己可用的物品.,-1
425,I0NX,出售稀有物品,出售物品活動有價值的硬幣.,-1
426,I0NW,神聖印記,"[史詩]
- 冥靈傳世 材料 -
∴點擊查看相關合成組合",320
427,I0NV,靈魂碎片,"[史詩]
- 冥靈傳世 材料 -
∴點擊查看相關合成組合",318
428,I0NU,地府碎片,"[史詩]
- 冥靈傳世 材料 -
∴點擊查看相關合成組合",319
429,I0NT,絕息·爆破揹包,"[史詩]
- 禁斷聖物 武器 (揹包) -
危險 危險 危險！
∴攻擊力+8400
∴力量 +675
∴技能傷害 +16%
∴所受傷害+8%
▣ 等級.100",845
430,I0NS,凋零·絕望揹包,"[史詩]
- 冥靈傳世 武器 (揹包) -
別偷看裏面！.
∴攻擊力+9300
∴力量 +765
∴技能傷害 +20%
∴所受傷害+10%
▣ 等級.100",844
431,I0NR,異象·死亡揹包,"[史詩]
- 冥靈傳世 武器 (揹包) -
我們生活在末日時代.
∴攻擊力+8100
∴力量 +720
∴技能傷害 +12%
∴所受傷害-24%
∴點擊使用 投出能量
▣ 等級.100",843
432,I0NQ,化生·天堂之門,"[史詩]
- 冥靈傳世 武器 (通用) -
永恆的幸福是否就在那扇門外，推開試試?
∴攻擊力+6300
∴全屬性 +615
∴魔法抗性 +12%
∴光屬性 +10%
∴治療友軍時，激活天堂之光
∴點擊使用 天堂之門
▣ 等級.100",842
433,I0NP,破邪·蒼穹統治者,"[史詩]
- 冥靈傳世 翅膀 -
統治蒼穹的翅膀
∴力量 +345, 敏捷 +375
∴技能傷害 & 魔法抗性 +10%
∴釋放技能時下次攻擊觸發蒼穹之力
∴點擊使用 毀滅之星
▣ 等級.100",841
434,I0NO,荊棘·霜寒羽翼,"[史詩]
- 冥靈傳世 翅膀 -
統治霜寒的翅膀
∴智力 +375
∴生命值 +1500
∴魔法值 +4500
∴技能傷害 +15%
∴冰屬性/水屬性+8%
∴每當釋放技能觸發冰霜之棘
▣ 等級.100",840
435,I0NN,焚神·浴火魂翼,"[史詩]
- 冥靈傳世 翅膀 -
統治火焰的翅膀
∴攻擊力+3900
∴力量 +310
∴敏捷 +310
∴技能傷害 +5%
∴點擊使用 墜落火焰
▣ 等級.100",839
436,I0NM,寧歇·瘋狂指環,"[史詩]
- 冥靈傳世 首飾 -
敢穿這個，你是不是瘋了?
∴力量 +405
∴敏捷 +375
∴持續傷害+30%
∴所受治療量-30%
∴攻擊時幾率觸發狂暴
▣ 等級.100",838
437,I0NL,碎魔·絕望之戒,"[史詩]
- 冥靈傳世 首飾 -
我詛咒這一切.
∴全屬性 +375
∴魔法值恢復 +30
∴暗屬性 +5%
∴直接命中目標時激活持續靜息攻擊
∴點擊使用 詛咒
▣ 等級.100",837
438,I0NK,塵寰·希望之戒,"[史詩]
- 冥靈傳世 首飾 -
我愛萬物!
∴全屬性 +360
∴生命值恢復 +180
∴光屬性 +5%
∴技能命中友軍時觸發[激情]效果
∴點擊使用 希望
▣ 等級.100",836
439,I0NJ,亞塔納西亞·收割盔甲,"[史詩]
- 冥靈傳世 鎧甲 -
你以爲你能逃避死亡嗎？?
∴護甲 +200
∴力量 +180, 敏捷 +390
∴技能傷害 & 致命一擊概率 +12%
∴生命處於20%時召喚收割者
▣ 等級.100",835
440,I0NI,涅瓦迪歐·血魔之甲,"[史詩]
- 冥靈傳世 鎧甲 -
被惡魔之血浸透的盔甲
∴護甲 +210
∴敏捷 +345
∴技能傷害 +12%
∴造成傷害時將有鮮血充能
∴點擊使用 釋放鮮血之能
▣ 等級.100",834
441,I0NH,歸寂·荊棘鎧甲,"[史詩]
- 冥靈傳世 鎧甲 -
用地獄之火鍛造的詛咒盔甲
∴護甲 +250
∴力量 +390
∴技能傷害 +10%
∴點擊使用 荊棘之刺
∴在受到足夠傷害量時將充能下次荊棘之刺
▣ 等級.100",833
442,I0NG,平靜·卸塵之冠,"[史詩]
- 冥靈傳世 頭盔 -
你別怕.
∴護甲 +135
∴全屬性 +285
∴技能傷害 +10%
∴幾率觸發冰凍效果
∴冰屬性/水屬性傷害+7.5%
▣ 等級.100",832
443,I0NF,無常·憤怒之冠,"[史詩]
- 冥靈傳世 頭盔 -
我出離地憤怒!
∴護甲 +120
∴全屬性 +255
∴技能傷害 +8%
∴點擊使用 暴怒
∴火焰傷害 +7.5%
▣ 等級.100",831
444,I0NE,輪迴·毀滅頭巾,"[史詩]
- 冥靈傳世 頭盔 -
結束後將開始新的輪迴.
∴護甲 +125
∴力量 & 敏捷 +195
∴智力 +255
∴技能傷害 +5%
∴點擊使用 毀滅時刻
▣ 等級.100",830
445,I0ND,纘載·半神面具,"[史詩]
- 冥靈傳世 頭盔 -
擁有半神力量的面具
∴護甲 +130
∴敏捷 +255
∴生命值 +1500
∴生命值恢復 +120
∴技能傷害 +12%
∴點擊使用 半神模式
▣ 等級.100",829
446,I0NC,頹喪·返虛魔眼,"[史詩]
- 冥靈傳世 頭盔 -
死亡注視着你..
∴護甲 +115
∴敏捷 +285
∴生命值 +1500
∴技能傷害 & 致命一擊概率 +10%
∴攻擊時觸發收割者之眼
▣ 等級.100",828
447,I0NB,意志·沁盾守護,"[史詩]
- 冥靈傳世 頭盔 -
充滿保護者意志的頭盔
∴護甲 +150
∴力量 +240
∴所受傷害-15%
∴對靠近的友軍給予保護
∴點擊使用 激活守護者的意志
▣ 等級.100",827
448,I0NA,聖輝·蒼穹之曜,"[史詩]
- 冥靈傳世 頭盔 -
你甚至都不能凝視它.
∴護甲 +140
∴力量 +240, 敏捷 +210
∴攻擊傷害+10%
∴攻擊時觸發高能
∴1分鐘CD，主動使用觸發魔法免疫
▣ 等級.100",826
449,I0N9,饕餮·末日判罪,"[史詩]
- 冥靈傳世 武器 (法杖) -
該結束了...
∴攻擊力+9000
∴智力 +795
∴技能傷害 +10%
∴每當釋放技能觸發噩夢打擊
∴點擊使用 毀滅之歌
▣ 等級.100",825
450,I0N8,渡厄·沐雨卻念,"[史詩]
- 冥靈傳世 武器 (槍支) -
用場雨洗滌世界上的惡和罪 
∴攻擊力+7650
∴智力 +705
∴恢復量 +15%
∴當治療時，激活治癒之水恢復友軍
∴點擊使用 暴風雨
▣ 等級.100",824
451,I0N7,虛空·追獵者,"[史詩]
- 冥靈傳世 武器 (槍支) -
最後一顆子彈，它甚至會撕裂時間來追逐目標
∴攻擊力+9500
∴敏捷 +705, 智力 +405
∴攻擊速度 +40%
∴技能傷害 +15%
∴點擊使用 時空追獵
▣ 等級.100",823
452,I0N6,寂斂·最後的遺言,"[史詩]
- 冥靈傳世 武器 (槍支) -
只有死亡的痛苦在等待.
∴攻擊力+10500
∴敏捷 +765
∴生命值 +1500
∴致命一擊倍率 +0.35x
∴4秒觸發一次懲戒子彈
▣ 等級.100",822
453,I0N5,焚釋·永恆之焰,"[史詩]
- 冥靈傳世 武器 (弓箭) -
永遠燃燒，我充滿光芒的靈魂.
∴攻擊力+9000
∴力量 +315, 敏捷 +675
∴攻擊時幾率附帶火焰印記
∴在戰鬥時積攢能量
∴火焰傷害 +14%
▣ 等級.100",821
454,I0N4,無憫·靈魂判罪,"[史詩]
- 冥靈傳世 武器 (弓箭) -
一個靈魂墮落的人，現在只有毀滅才能救贖你
∴攻擊力+9750
∴敏捷 +705
∴生命值 +1500
∴技能傷害 +15%
∴攻擊時幾率靈魂吸取
∴點擊使用 靈魂轟炸
▣ 等級.100",820
455,I0N3,不滅·凜冬契約,"[史詩]
- 冥靈傳世 武器 (近戰) -
擁抱永冬.
∴攻擊力+7950
∴力量 +735
∴敏捷 & 智力 +465
∴所受傷害-10%
∴每8次攻擊觸發冰霜爆破
∴點擊使用 永凍
▣ 等級.100",819
456,I0N2,合成,"收集相關物品合成新的物品。唯一指定遊戲平臺：KK官方對戰平臺（www.reckfeng.com）
◎ 合成組合",-1
457,I0N1,破穹·勇敢之心,"[史詩]
- 冥靈傳世 翅膀 -
勇敢的心引領你走向勝利
∴全屬性 +450
∴魔法抗性 +20%
∴周圍的單位被減速
∴點擊使用 勇氣
▣ 等級.100",818
458,I0N0,末路·聖裁者,"[史詩]
- 禁斷聖物 武器 (槍支) -
你的罪孽將因你的死而被寬恕.
∴攻擊力+9000
∴敏捷 +690
∴生命值 +1200
∴致命一擊倍率 +0.3x
∴6秒觸發一次聖裁子彈
▣ 等級.100",817
459,I0MZ,覺醒·懲戒者,"[史詩]
- 冥靈傳世 武器 (近戰) -
注入浩瀚之力的匕首
∴攻擊力+8250
∴敏捷 +780, 生命值 +2250
∴致命一擊倍率 +0.4x
∴每12觸發尺牘懲戒
∴每當釋放技能觸發覺醒
▣ 等級.100",816
460,I0MY,修正·除魔者,"[史詩]
- 禁斷聖物 武器 (槍支) -
我已準備好去征服死神了.
∴攻擊力+7650
∴敏捷 +645, 智力 +345
∴攻擊速度 +30%
∴技能傷害 +10%
∴點擊使用 魔王追逐
▣ 等級.100",815
461,I0MX,彩虹味糖果,"[收藏品]
彩虹味糖果!",-1
462,I0MW,怪異光環,"[收藏品]
怪異光環",432
463,I0MV,透明翅膀,"[收藏品]
透明翅膀",454
464,I0MU,彩虹貓咪,"[收藏品]
彩虹小貓",522
465,I0MS,封印碎片-極寒碎片,"[史詩]
- 禁斷聖物 材料 -
∴點擊查看相關合成組合",374
466,I0MR,封印碎片-紫水晶球,"[史詩]
- 禁斷聖物 材料 -
∴點擊查看相關合成組合",373
467,I0MQ,封印碎片-黑暗統治聖物,"[史詩]
- 禁斷聖物 材料 -
∴點擊查看相關合成組合",372
468,I0MP,封印碎片-聖使鎖魄,"[史詩]
- 禁斷聖物 材料 -
∴點擊查看相關合成組合",370
469,I0MO,封印碎片-聖典扉頁,"[史詩]
- 禁斷聖物 材料 -
∴點擊查看相關合成組合",371
470,I0MN,封印碎片-神聖金屬,"[史詩]
- 禁斷聖物 材料 -
∴點擊查看相關合成組合",369
471,I0MM,封印碎片-自然精華,"[史詩]
- 禁斷聖物 材料 -
∴點擊查看相關合成組合",367
472,I0ML,封印碎片-自然之心,"[史詩]
- 禁斷聖物 材料 -
∴點擊查看相關合成組合",368
473,I0MK,封印碎片-黑暗水晶,"[史詩]
- 禁斷聖物 材料 -
∴點擊查看相關合成組合",365
474,I0MJ,封印碎片-不朽之心,"[史詩]
- 禁斷聖物 材料 -
∴點擊查看相關合成組合",364
475,I0MI,封印碎片-淨化之證,"[史詩]
- 禁斷聖物 材料 -
∴點擊查看相關合成組合",366
476,I0MH,封印碎片-深淵精華,"[史詩]
- 禁斷聖物 材料 -
∴點擊查看相關合成組合",363
477,I0MG,封印碎片-邊緣世界的魔石,"[史詩]
- 禁斷聖物 材料 -
∴點擊查看相關合成組合",361
478,I0MF,封印碎片-被遺落的深淵骷髏頭,"[史詩]
- 禁斷聖物 材料 -
∴點擊查看相關合成組合",362
479,I0ME,封印碎片-深淵碎片,"[史詩]
- 禁斷聖物 材料 -
∴點擊查看相關合成組合",360
480,I0MD,永恆·世界大咖徽章,[收藏品],559
481,I0MC,冰龍 徽章,[收藏品],557
482,I0MB,主天使 徽章,[收藏品],556
483,I0MA,法爺 徽章,[收藏品],555
484,I0M9,殭屍領主 徽章,[收藏品],554
485,I0M8,骷髏王 徽章,[收藏品],553
486,I0M7,遠古骨龍 徽章,[收藏品],256
487,I0M6,新年服裝交換,"可用來兌換聖誕節服裝和新年服裝.

部分職業有兩種可以領取新年服裝.
有些職業沒有可提供的服裝。",-1
488,I0M5,小兔魔術棒,"[收藏品]
召喚小兔跟班.",-1
489,I0M4,藍色的幸運光環,[收藏品],451
490,I0M3,肉,恢復1點生命值.,-1
491,I0M1,狂赫·深淵之魂,"[史詩]
- 冥靈傳世 武器 (法杖) -
你長時間注視着它，同時，深淵之魂也會注意到你
∴攻擊力+6750
∴智力 +735
∴生命值 +2250
∴在施放技能和治療時，授予深淵之力
∴點擊使用 激活深淵的呼喚
▣ 等級.100",814
492,I0M0,魂靈魔石,"[史詩]
- 鴻蒙起源 材料 -",344
493,I0LZ,神祕材料,,352
494,I0LY,土神魔石,"[史詩]
- 鴻蒙起源 硬幣品級 -",333
495,I0LX,無竭·永恆聖盃,"[史詩]
- 冥靈傳世 首飾 -
無止境地溢出的聖盃
∴全屬性 +360
∴技能傷害 & 魔法抗性 +7.5%
∴8秒觸發一次聖水屏障
▣ 等級.100",312
496,I0LW,芳華·命運指環,"[史詩]
- 冥靈傳世 首飾 -
把你從宿命中解放出來的戒指
∴全屬性 +390
∴技能傷害 +10%
∴點擊使用 時空扭曲
∴生命值降到1以下時觸發回到過去
▣ 等級.100",812
497,I0LV,決意·魔尊法袍,"[史詩]
- 冥靈傳世 鎧甲 -
充滿了獻祭魔法的靈魂的長袍
∴護甲 +225
∴力量 +150, 智力 +360
∴魔法值恢復 +36
∴技能傷害 +10%
∴點擊使用 魔尊領域
▣ 等級.100",811
498,I0LU,玉宇揹包,"[史詩]
- 冥靈傳世 武器 (揹包) -
包含自然氣息的揹包
∴攻擊力+6900
∴全屬性 +660
∴恢復量 +15%
∴魔法抗性 +15%
∴點擊使用 神祕藥劑
▣ 等級.100",813
499,I0LT,遺忘,"[史詩]
- 禁斷聖物 武器 (近戰) -
人更希望忘卻過往勝過記住它們.
∴攻擊力+7500
∴力量 +615
∴技能傷害 +7.5%
∴攻擊時幾率發動怒火打擊
∴點擊使用 激活遺忘
▣ 等級.100",810
500,I0LS,潮汐鑰匙,"[召喚類物品]
進入海神領域的鑰匙",398
501,I0LQ,萬聖節服裝 交換,"12個發光的糖塊交換1個萬聖節服裝.

個別職業可以有兩種萬聖節服裝可供選擇.",-1
502,I0LP,奧義之核,"[史詩]
- 鴻蒙起源 材料 -
∴點擊查看相關合成組合",336
503,I0LN,普瑞斯銀幣,"[史詩]
- 神話傳說 硬幣品級 -
一枚有價值的硬幣，用它可以同收藏夾交換其他物品.",376
504,I0LM,救世祈願·啓示法杖,"[史詩]
- 鴻蒙起源 武器 (法杖) -
低聲祈禱得到回應的誓言
∴攻擊力+9000
∴智力 +1000
∴生命值 +3000
∴所有屬性 +5%
∴裝備時激活啓示
∴點擊使用 觸發高能
▣ 等級.100",962
505,I0LL,惡魔領主魔術棒,[收藏品],-1
506,I0LK,啓迪·能量原冰,"[史詩]
- 鴻蒙起源 武器 (法杖) -
混沌乃萬力之源
∴攻擊力+10000
∴智力 +1100
∴生命值 +2000
∴技能傷害 +15%
∴冰屬性/水屬性+15%
∴暗屬性 +10%
∴技能5次連續命中時觸發萬年寒霜
∴點擊使用 火魘之擊
▣ 等級.100",961
507,I0LJ,嘯天·雄獅之心,"[史詩]
- 鴻蒙起源 武器 (近戰) -
表現出來鋼鐵般的力量和豪氣
∴攻擊力+15500
∴主屬性 +700
∴技能傷害 +12.5%
∴移動速度 +75
∴攻擊時激活獅心擊打
∴點擊使用 懲戒攻擊
▣ 等級.100",959
508,I0LI,閃爍便鞋,"[普通]
- 其他 -
閃閃閃!
∴移動速度 +250
∴點擊使用傳送至目標點
▣ 等級.20",-1
509,I0LH,黃色的幸運光環,[收藏品],449
510,I0LG,啓示·末日判罪,"[史詩]
- 鴻蒙起源 武器 (槍支) -
世界末日的時候，我會讓你說最後的遺言
∴攻擊力+14500
∴敏捷 +1050
∴生命值 +2500
∴致命一擊倍率 +0.50x
∴3秒觸發一次裝填絕望子彈
∴每當釋放T技能觸發毀滅時刻
▣ 等級.100",964
511,I0LF,獲得週年慶服裝禮盒,需求材料: 神祕海螺 x12,-1
512,I0LE,神祕海螺,"[硬幣]
海螺內充滿濃濃的週年慶氣氛",378
513,I0LD,鴨子騎士力量結晶,[收藏品],414
514,I0LB,海象,"[收藏品]
裝扮的海象",527
515,I0LA,藍蓮花光環,"[收藏品]
藍蓮花光環",434
516,I0L9,德魯伊長袍,"[史詩]
- 禁斷聖物 鎧甲 -
不要拒絕大自然給你的饋贈.
∴護甲 +200
∴智力 +330
∴魔法抗性 +12%
∴5秒觸發一次召喚自然精靈
∴點擊使用 主動召喚1個自然精靈
▣ 等級.100",809
517,I0L7,願望,"希望掉落特定物品.

有願望指定時: 其他物品不會掉落，但指定物品的掉率提高150%.
無有願望指定時: 所有物品均可掉落.

靈魂寶石/結晶不受影響.",-1
518,I0L6,特殊服裝,[收藏品],-1
519,I0L5,檢索物品,我可以給送一些獎勵你的物品。.,-1
520,I0L3,UFO,"[收藏品]
神祕的坐騎",523
521,I0KW,逮捕魔術棒,"[收藏品]
召喚一個隨從",-1
522,I0KV,山丘之墮,"[收藏品]
山丘之墮",452
523,I0KU,小魔仙,"[收藏品]
墮落的仙女",511
524,I0KT,(特殊) 幻想隱身,,-1
525,I0KS,淨空·至上祝福羽翼 藏品,"[收藏品]
淨空·至上祝福羽翼",478
526,I0KR,遂宇玄芒·靈仙魂翼 藏品,"[收藏品]
遂宇玄芒·靈仙魂翼",479
527,I0K0,輝煌·瀚宇之星,"[史詩]
- 冥靈傳世 武器 (槍支) -
我的命運由我來做主.
∴攻擊力+6750
∴敏捷 +345
∴智力 +645
∴攻擊速度 +25%
∴友軍恢復 得到強化
∴點擊使用 激活神聖洗禮
▣ 等級.100",804
528,I0JZ,星界微光·浩瀚玫瑰,"[史詩]
- 冥靈傳世 首飾 -
一朵蘊含宇宙力量的玫瑰
∴智力 +420
∴生命值 +1500
∴周圍的友軍 魔法抗性 10%提升
∴點擊使用 觸發星界護佑
∴水/風 屬性 +6%
▣ 等級.100",807
529,I0JY,邪目·緋紅憎恨,"[史詩]
- 冥靈傳世 武器 (法杖) -
我的仇恨只能用你的鮮血來平息!
∴攻擊力+7500
∴智力 +735
∴技能傷害 +8%
∴每當釋放技能 智力 75, 火焰傷害 2.5%提升 (5次疊加)
∴點擊使用 緋紅凝視
▣ 等級.100",803
530,I0JX,眷戀·返照聖戒,"[史詩]
- 冥靈傳世 首飾 -
生命之源傾注我全身!
∴全屬性 +345
∴生命值&魔法值 +2250
∴所受治療量+15%
∴點擊使用 激活甦醒
∴死亡時2秒秒後復活 (CD: 240秒)
▣ 等級.100",806
531,I0JW,遂宇玄芒·靈仙魂翼,"[史詩]
- 冥靈傳世 翅膀 -
仙靈環繞着你.
∴全屬性 +345
∴水/風/土屬性 +5%
∴周圍的友軍所受治療量+15%
∴點擊使用 復活一名附近友軍
▣ 等級.100",808
532,I0JV,先驅·風暴戰鎧,"[史詩]
- 禁斷聖物 鎧甲 -
戰甲賦予你風暴之力。.
∴護甲 +185
∴敏捷 +360
∴技能傷害 & 魔法抗性 +7.5%
∴每當釋放技能 1.5秒持續時間的風怒觸發
▣ 等級.100",805
533,I0JU,虛空·破風之鎧,"[史詩]
- 神話傳說 鎧甲 -
可讓你迅疾如風的鎧甲.
∴護甲 +175
∴敏捷 +270
∴技能傷害 & 魔法抗性 +5%
∴每當釋放技能 1.5秒持續時間的風怒觸發
▣ 等級.100",753
534,I0JT,自然淨靈,"[史詩]
- 神話傳說 材料 -
∴點擊查看相關合成組合",222
535,I0JS,消散·陽炎澄心,"[史詩]
- 冥靈傳世 首飾 -
啊~爆啦，世界清靜了!!!!!!!!!!!!!!!!!!!
∴主屬性 +390
∴技能傷害 +10%
∴點擊使用激活陽炎爆炸
▣ 等級.100",307
536,I0JR,阿特里西亞·夢幻之劍,"[史詩]
- 冥靈傳世 武器 (近戰) -
我帶你走向永恆的夢境.
∴攻擊力+9750
∴力量 +585, 敏捷 +645
∴技能傷害 & 致命一擊概率 +7.5%
∴每當釋放技能 造成下次攻擊強化
∴點擊使用 激活虛幻夢境
▣ 等級.100",802
537,I0JQ,爝火鑰匙,"[召喚類物品]
打開火靈之門的鑰匙",396
538,I0JP,附魔師萬聖節魔術棒,[收藏品],-1
539,I0JO,火鳳凰魔術棒,[收藏品],-1
540,I0JN,馴鹿魯道夫,"[收藏品]
可憐的馴鹿魯道夫",533
541,I0JM,迷你小仙魔術棒,"[收藏品]
用它召喚一個迷你小仙.",-1
542,I0JJ,玉塵冰晶,"[硬幣]
一個美麗的冰晶，蘊含了冬日的氣息.",380
543,I0JI,新年活動邀請函,"[召喚類物品]
你被邀請參加新年活動!
◎參加人員要求: 最低4個人",-1
544,I0JH,火法萬聖節魔術棒,"[收藏品]
用它來召喚一個風系魔導士.",-1
545,I0JG,祈明·神諭血翼 藏品,"[收藏品]
祈明·神諭血翼",477
546,I0JF,祈明·神諭血翼,"[史詩]
- 禁斷聖物 翅膀 -
用鮮血洗滌你的罪孽
∴全屬性 +225
∴生命值 +1500
∴400碼移動距離獲得血腥之咬充能附加於下一次攻擊
▣ 等級.100",801
547,I0JE,神射手魔術棒,"[收藏品]
召喚一個隨從",-1
548,I0JD,追星劍聖魔術棒,"[收藏品]
用它來召喚一個迷你追星劍聖人.",-1
549,I0JC,風系魔導士魔術棒,"[收藏品]
用它來召喚一個風系魔導士.",-1
550,I0JB,喚潮·貪婪之手,"[史詩]
- 禁斷聖物 武器 (近戰) -
吞噬掉吧，但永不滿足!
∴攻擊力+7800
∴力量 +390, 敏捷 +390
∴生命值恢復 +120
∴攻擊時幾率 觸發潮汐範圍打擊
∴點擊使用 激活貪婪汲取
▣ 等級.100",795
551,I0JA,神氣流轉·寒嵐之戒,"[史詩]
- 禁斷聖物 首飾 -
....
∴全屬性 +315
∴魔法值恢復 +25
∴直接命中目標時激活持續靜息攻擊
∴點擊使用 觸發禁錮麻痹
▣ 等級.100",800
552,I0J9,卓爾·聖焱之戒,"[史詩]
- 禁斷聖物 首飾 -
它能很好的輔助你的小夥伴!
∴全屬性 +285
∴生命值恢復 +120
∴技能命中友軍時觸發[希望]效果
∴點擊使用 激活聖焱
▣ 等級.100",799
553,I0J8,黑暗契約·死靈法書,"[史詩]
- 禁斷聖物 首飾 -
讓人類擁有的一切墮入黑暗吧.
∴全屬性 +285
∴魔法值 +3750
∴技能傷害 +6%
∴點擊使用 釋放禁忌法術
▣ 等級.100",798
554,I0J7,禁忌·魔幻之戒,"[史詩]
- 神話傳說 首飾  -
任何東西都難逃在黑暗契約下的墮落.
∴全屬性 +210
∴魔法值 +2250
∴技能傷害 +4%
∴點擊使用 釋放禁忌法術
▣ 等級.100",783
555,I0J6,闢晦·淬光之鎧,"[史詩]
- 禁斷聖物 鎧甲 -
表面蘊含電流的鎧甲.
∴護甲 +225
∴力量 +255
∴敏捷 +255
∴移動速度 +50
∴技能傷害 +8%
∴魔法抗性 +12%
∴每當釋放技能 3秒淬光電擊
▣ 等級.100",797
556,I0J5,不朽貓咪力量結晶,[收藏品],411
557,I0J4,賞金獵人魔術棒,[收藏品],-1
558,I0J3,旅行商人魔術棒,"[收藏品]
用它來召喚一個迷你旅行商人.",-1
559,I0J2,附魔師魔術棒,"[收藏品]
用它來召喚一個迷你附魔師.",-1
560,I0J1,收割者魔術棒,"[收藏品]
用它來召喚一個迷你收割者.",-1
561,I0J0,超級轉換,"從三圍轉換出所有屬性點至可分配狀態.
不可以低於它的初始數值.
▣ 等級. 40",-1
562,I0IZ,風暴鑰匙,"[召喚類物品]
打開風暴之門的鑰匙",397
563,I0IW,雪球,,-1
564,I0IV,木料,,-1
565,I0IT,彈藥,,-1
566,I0IS,迷幻魔影·風神之眼,"[史詩]
- 冥靈傳世 頭盔 -
望穿黑暗的眼睛!
∴護甲 +125
∴智力 +297
∴魔法抗性 +10%
∴周圍的友軍傷害和技能傷害 +5%
∴點擊使用 召喚2個火焰巨人
▣ 等級.100",788
567,I0IR,荒古遺塵·衆神之角,"[史詩]
- 冥靈傳世 頭盔 -
蘊含閃電的衆神之角
∴護甲 +105
∴主屬性 +72, 全屬性 +144
∴技能傷害 & 致命一擊概率 +12%
∴所受傷害+8%
∴3000碼移動距離觸發閃電之觸
▣ 等級.100",789
568,I0IQ,遠古迷夢·祝福長弓,"[史詩]
- 冥靈傳世 武器 (弓箭) -
來自上古的祝福，釋放更多的箭矢.
∴攻擊力+8550
∴敏捷 +645
∴攻擊速度 +40%
∴攻擊時發動風之打擊
▣ 等級.100",787
569,I0IP,怨靈祈禱·絕望甲冑,"[史詩]
- 冥靈傳世 鎧甲 -
甲冑凝聚着亡者的靈魂
∴護甲 +240
∴力量 +295
∴敏捷 & 智力 +160
∴使用者周圍的友軍 全屬性 6% 提高
∴6秒觸發一次怨靈禱告
▣ 等級.100",786
570,I0IO,混沌之石,"[召喚類物品]
用於召喚多種召喚類BOSS的材料.

地點: 悠祕森林, 元素塔魔法石礦 (混沌魔鎬必需)",130
571,I0IL,突破·毀滅之鎧,"[史詩]
- 鴻蒙起源 鎧甲 -
末日，是世界的毀滅，還是世界的重建?
∴護甲 +230
∴力量 +190
∴敏捷 +440
∴技能傷害 +14%
∴致命一擊概率 +14%
∴攻擊時激活毀滅印記
∴生命處於20%時召喚收割者
▣ 等級.100",911
572,I0IK,企盼·最終預兆,"[史詩]
- 鴻蒙起源 武器 (槍支) -
這裏是終點.
∴攻擊力+12400
∴敏捷 +895
∴生命值 +2000
∴致命一擊倍率 +0.40x
∴3秒觸發一次加載預兆子彈
▣ 等級.100",910
573,I0IJ,水靈精華,"[史詩]
- 冥靈傳世 材料 -
∴點擊查看相關合成組合",314
574,I0II,水靈之紋,"[史詩]
- 冥靈傳世 材料 -
∴點擊查看相關合成組合",313
575,I0IH,風靈精華,"[史詩]
- 冥靈傳世 材料 -
∴點擊查看相關合成組合",303
576,I0IG,風靈之紋,"[史詩]
- 冥靈傳世 材料 -
∴點擊查看相關合成組合",302
577,I0IF,火靈精華,"[史詩]
- 冥靈傳世 材料 -
∴點擊查看相關合成組合",309
578,I0IE,火靈之紋,"[史詩]
- 冥靈傳世 材料 -
∴點擊查看相關合成組合",308
579,I0ID,休閒服裝,"[收藏品]
休閒服裝",-1
580,I0IC,瘋狂的奇裝異服,"[收藏品]
永久可用的奇裝異服",-1
581,I0IB,統治者指環,"[史詩]
- 冥靈傳世 首飾 -
擁有它你纔有資格控制住混亂局面
∴全屬性 +375
∴技能傷害 +12%
∴攻擊時有20%幾率造成20%額外傷害
∴在受到攻擊時有概率激活絕對守護
▣ 等級.100",785
582,I0IA,蝙蝠之翼 藏品,"[收藏品]
蝙蝠之翼",476
583,I0I9,地獄熔岩火凰羽翼 藏品,"[收藏品]
地獄熔岩火凰羽翼",475
584,I0I8,謊言戒指,"[收藏品]
我是邪惡的",-1
585,I0I7,魔音護魂之翼 藏品,"[收藏品]
魔音護魂之翼",474
586,I0I6,飛星流彩碎翼 藏品,"[收藏品]
飛星流彩碎翼",473
587,I0I5,自然之翼 藏品,"[收藏品]
自然之翼",472
588,I0I4,無堅不摧戰翅 藏品,"[收藏品]
無堅不摧戰翅",471
589,I0I3,幻想霜寒魂翼 藏品,"[收藏品]
幻想霜寒魂翼",470
590,I0I2,狂暴·墮落統治魂翼 藏品,"[收藏品]
狂暴·墮落統治魂翼",469
591,I0I1,亡者靈魂 藏品,"[收藏品]
亡者靈魂",468
592,I0I0,暗黑不朽魂翼 藏品,"[收藏品]
暗黑不朽魂翼",467
593,I0HZ,惡魔骨翼 藏品,"[收藏品]
惡魔骨翼",466
594,I0HY,耀目星芒魂翼 藏品,"[收藏品]
耀目星芒魂翼",465
595,I0HX,信仰斗篷 藏品,"[收藏品]
信仰斗篷",464
596,I0HW,怒焱魂翼 藏品,"[收藏品]
怒焱魂翼",463
597,I0HV,伯爵的披風 藏品,"[收藏品]
伯爵的披風",462
598,I0HU,星辰閃耀·聖堂之翼 藏品,"[收藏品]
星辰閃耀·聖堂之翼",461
599,I0HT,墮落的火焰魂翼 藏品,"[收藏品]
墮落的火焰魂翼",460
600,I0HS,冰極天雪魂翼 藏品,"[收藏品]
冰極天雪魂翼",459
601,I0HR,腐敗水晶之翼 藏品,"[收藏品]
腐敗水晶之翼",458
602,I0HQ,龍翼 藏品,"[收藏品]
龍翼",457
603,I0HP,霜魂女神之翼 藏品,"[收藏品]
霜魂女神之翼",456
604,I0HO,女神仙翼 藏品,"[收藏品]
女神仙翼",455
605,I0HN,翅膀 藏品,"[史詩]
- 冥靈傳世 材料 -
∴點擊查看相關合成組合",359
606,I0HM,奇裝異服,"[收藏品]
是一件租用的奇裝異服.
服裝可以使用到該事件結束.",-1
607,I0HL,摧毀記憶石,"摧毀記憶石.

如果還有其他隊友的話，請取得同意後再使用.",-1
608,I0HJ,夜視鏡,"[收藏品]
夜晚視野真是好哇.",988
609,I0HI,雪花法杖,"[收藏品]
搖一搖，晃一晃，眼睛真舒服.",-1
610,I0HH,雪花翅膀,"[收藏品]
晶瑩剔透的翅膀",510
611,I0HG,藍天使翅膀,"[收藏品]
小型的藍色翅膀",509
612,I0HF,萬聖節服裝 2,[收藏品],-1
613,I0HE,新年服裝 2,[收藏品],-1
614,I0HD,發光的糖塊,"[硬幣]
採集那些讓人興奮的發光的糖塊

活動結束後該物品消失.",379
615,I0HC,輪迴之花,[收藏品],-1
616,I0HB,魔女的神祕糖果,"[收藏品]
讓你擁有控制靈魂的趕腳",-1
617,I0HA,銀喵徽章,[收藏品],-1
618,I0H9,幽靈徽章,"[收藏品]
哇哈哈哈!",-1
619,I0H8,女巫的糖塊,"[收藏品]
""美味！使你飄飄欲仙...""",-1
620,I0H7,小魔王翅膀,"[收藏品]
薰衣草色的翅膀",508
621,I0H6,輸出記錄器,"[收藏品]
通過它可以測試你的輸出",537
622,I0H5,新年服裝,[收藏品],-1
623,I0H4,聖誕節服裝,[收藏品],-1
624,I0H3,萬聖節服裝,[收藏品],-1
625,I0H2,褻瀆之影·末日裁決,"[史詩]
- 禁斷聖物 武器 (近戰) -
被遺落的武器給予巨大的力量
∴攻擊力+7100
∴力量 +210, 敏捷 +570
∴致命一擊倍率 +0.30x
∴攻擊時幾率末日裁決
▣ 等級.100",782
626,I0H1,絕魂·世界擊碎者,"[史詩]
- 禁斷聖物 武器 (槍支) -
世界上唯一的真理就是力量.
∴攻擊力+9750
∴力量 +420
∴敏捷 +600
∴技能傷害 +6%
∴攻擊時幾率觸發混沌炮彈
▣ 等級.100",781
627,I0H0,秩序之源·夢魘毀滅魔弓,"[史詩]
- 禁斷聖物 武器 (弓箭) -
世界上唯一的真理就是力量.
∴攻擊力+9000
∴力量 +420
∴敏捷 +630
∴技能傷害 +8%
∴攻擊時幾率 觸發混沌魔影
▣ 等級.100",779
628,I0GZ,秩序之源·無間地獄魔杖,"[史詩]
- 禁斷聖物 武器 (法杖) -
世界上唯一的真理就是力量.
∴攻擊力+7200
∴力量 +360, 智力 +720
∴技能傷害 +12%
∴點擊使用 無間爆破
▣ 等級.100",780
629,I0GY,秩序之源·永恆碧藍怒火之劍,"[史詩]
- 禁斷聖物 武器 (近戰) -
世界上唯一的真理就是力量.
∴攻擊力+8250
∴力量 & 敏捷 +450
∴主屬性 +210
∴技能傷害 +9%
∴攻擊時幾率 觸發混沌爆破
▣ 等級.100",778
630,I0GX,神祕杆,[收藏品],-1
631,I0GW,“世界大咖”徽章,[收藏品],558
632,I0GV,腐蝕者 徽章,[收藏品],550
633,I0GU,火焰夢魘徽章,[收藏品],552
634,I0GT,滄海巨獸徽章,[收藏品],551
635,I0GS,奪魄·神泣之刃,"[史詩]
- 鴻蒙起源 武器 (近戰) -
一把能砍倒神靈的能量之劍
∴攻擊力+9400
∴敏捷 +880
∴生命值 +2500
∴致命一擊倍率 +0.50x
∴每12次攻擊激活奪魄
∴每當釋放技能觸發覺醒
▣ 等級.100",909
636,I0GR,無望·荒蕪魂戒,"[史詩]
- 鴻蒙起源 首飾 -
充滿扭曲靈魂的戒指
∴主屬性 +625
∴攻擊速度 +35%
∴技能傷害 +20%
∴魔法值恢復 +20
∴點擊使用 激活荒蕪
▣ 等級.100",908
637,I0GQ,海蝕翅膀,"[收藏品]
蘊含海洋光暈.",505
638,I0GP,海蝕戒指,"[史詩]
- 傳奇至寶 首飾 -
蘊含海洋祝福的戒指.
∴主屬性 +(1.5 X英雄等級)
∴獲得經驗值+10%
▣ 等級.20",770
639,I0GO,海蝕風兜,"[史詩]
- 傳奇至寶 頭盔 -
蘊含海洋祝福的帽子.
∴護甲 +(英雄等級/2)
∴主屬性 +(1 X英雄等級)
∴獲得經驗值+5%
∴點擊使用 創造一個通往普瑞斯的傳送門
▣ 等級.20",769
640,I0GN,海蝕袍服,"[史詩]
- 傳奇至寶 鎧甲 -
蘊含海洋祝福的.
∴護甲 +(1 X英雄等級)
∴主屬性 +(1 X英雄等級)
∴獲得經驗值+5%
∴10秒觸發一次生命值和魔法值的20% 恢復
▣ 等級.20",768
641,I0GM,海蝕寶珠,"[史詩]
- 傳奇至寶 武器 (通用) -
蘊含海洋祝福的武器.
∴攻擊力+(40 X英雄等級)
∴主屬性 +(3 X英雄等級)
∴獲得經驗值+5%
∴攻擊時幾率觸發水之爆破
▣ 等級.20",767
642,I0GJ,海蝕洞門票,"[召喚類物品]
神祕的門票帶你走進海蝕洞的世界!
◎海蝕洞入口
◎根據你級別有幾率觸發更深層次入口",-1
643,I0GI,激情四射,[收藏品],-1
644,I0GH,古代機器力量結晶,"[收藏品]
改變揹包的外觀.",339
645,I0GF,週年慶氣氛,[收藏品],-1
646,I0GE,神祕氣息,[收藏品],433
647,I0GC,夏裝,[收藏品],-1
648,I0GB,徽章兌換,"你可以取回當前材料能兌換到的徽章.

注意: 不適用於遊戲ID下可以共享的徽章.",-1
649,I0GA,黑瓜徽章,[收藏品],128
650,I0G9,遠古法老徽章,[收藏品],121
651,I0G8,梟獸徽章,[收藏品],223
652,I0G7,巨人魔像徽章,[收藏品],115
653,I0G6,觸鬚領主徽章,[收藏品],100
654,I0G5,火焰領主徽章,[收藏品],84
655,I0G4,惡魔領主徽章,[收藏品],549
656,I0G3,蜘蛛領主徽章,[收藏品],548
657,I0G2,冰霜領主徽章,[收藏品],547
658,I0G1,黑天使徽章,[收藏品],546
659,I0G0,白天使徽章,[收藏品],545
660,I0FZ,守門人徽章,[收藏品],178
661,I0FY,魔龍徽章,[收藏品],544
662,I0FX,元素領主徽章,[收藏品],543
663,I0FW,傑克南瓜徽章,[收藏品],542
664,I0FV,伯爵徽章,[收藏品],541
665,I0FU,九頭蛇徽章,[收藏品],540
666,I0FT,海洋服裝,[收藏品],-1
667,I0FS,海洋徽章,[收藏品],-1
668,I0FR,真·秩序之源·無間地獄魔杖,"[史詩]
- 冥靈傳世 武器 (法杖) -
世界上唯一的真理就是力量.
∴攻擊力+8000
∴力量 +410
∴智力 +780
∴技能傷害 +14%
∴點擊使用 無間爆破
▣ 等級.100",907
669,I0FQ,魔音護魂之翼,"[史詩]
- 禁斷聖物 翅膀 -
控制不了情緒就容易帶來不幸
∴力量 +250
∴敏捷 +235
∴技能傷害 +6%
∴每當釋放技能 加強下次攻擊
∴每次觸發瘋狂殺戮效果疊加
▣ 等級.100",766
670,I0FP,火炎之心,"[史詩]
- 禁斷聖物 武器 (近戰) -
火焰永遠不會熄滅
∴攻擊力+7500
∴力量 +655
∴攻擊速度 -50%
∴技能傷害 +9%
∴每當釋放技能 觸發火焰打擊
▣ 等級.100",756
671,I0FO,毀滅·末日迴響,"[史詩]
- 神話傳說 武器 (槍支) -
末日即將到來 !
∴攻擊力+7200
∴敏捷 +515
∴致命一擊倍率 +0.2x
∴6秒觸發一次攻擊附加毀滅末日強化 (2次可能)
▣ 等級.100",731
672,I0FN,炮灰的信條,"[史詩]
- 神話傳說 武器 (槍支) -
你那不能饒恕的罪惡來接受我的洗禮吧.
∴攻擊力+6000
∴敏捷 +425
∴致命一擊倍率 +0.2x
∴8秒觸發一次 攻擊附加信條炮彈強化
▣ 等級.100",728
673,I0FM,災變·蠻荒之預言,"[史詩]
- 禁斷聖物 武器 (槍支) -
面對那無盡的未來，所有的鮮血流出都是徒勞的
∴攻擊力+6000
∴敏捷 +255
∴智力 +560
∴攻擊速度 +15%
∴友軍恢復 得到強化
∴點擊使用 觸發殷紅洗禮
▣ 等級.100",759
674,I0FL,災變·諸界毀滅者,"[史詩]
- 神話傳說 武器 (槍支) -
流血成河
∴攻擊力+5220
∴敏捷 +220
∴智力 +470
∴生命值 +1500
∴友軍恢復 得到強化
∴點擊使用 觸發血腥祈禱
▣ 等級.100",727
675,I0FK,血腥祈禱,"[史詩]
- 傳奇至寶 武器 (槍支) -
不要忘記那血腥的過去
∴攻擊力+3900
∴敏捷 +195
∴智力 +410
∴生命值 +1200
∴點擊使用 觸發血腥祈禱
▣ 等級.80",650
676,I0FJ,真·採佩什血炮,"[史詩]
- 傳奇至寶 武器 (槍支) -
放棄吧，愚蠢的人類！.
∴攻擊力+2900
∴敏捷 +210
∴智力 +250
∴生命值 +750
∴攻擊時附帶10%吸血 (最高400)
▣ 等級.60",646
677,I0FI,冥虹鏡芒·破碎之命運,"[史詩]
- 神話傳說 武器 (槍支) -
惡魔，來的更猛烈吧 !
∴攻擊力+5550
∴敏捷 +495
∴智力 +205
∴攻擊速度 +20%
∴技能傷害 +6%
∴點擊使用 觸發破碎轟炸
▣ 等級.100",726
678,I0FH,追逐者,"[史詩]
- 神話傳說 武器 (槍支) -
失敗者我來引領給你前進 ..
∴攻擊力+5850
∴敏捷 +465
∴攻擊速度 +20%
∴技能傷害 +5%
∴點擊使用 觸發追逐
▣ 等級.100",229
679,I0FG,深淵之手·最後的耳語,"[史詩]
- 神話傳說 武器 (槍支) -
當你擁有它的時候,剩下的只有沉浸在瘋狂,而不會感到疲倦.
∴攻擊力+6000
∴力量 +330
∴敏捷 +420
∴致命一擊倍率 +0.2x
∴攻擊時幾率觸發末日
▣ 等級.90",211
680,I0FF,地獄熔岩·幻舞者,"[史詩]
- 神話傳說 武器 (槍支) -
世界上唯一的真理就是力量.
∴攻擊力+7200
∴力量 +345
∴敏捷 +500
∴技能傷害 +3%
∴攻擊時幾率觸發混沌炮彈
▣ 等級.100",730
681,I0FE,寒光凌霜之左輪,"[史詩]
- 神話傳說 武器 (槍支) -
讓你感受凌厲的霜寒！
∴攻擊力+6000
∴敏捷 +425
∴攻擊速度 -20%
∴致命一擊倍率 +0.2x
▣ 等級.90",757
682,I0FD,新年禮盒,"[特殊物品]
新年禮盒.
∴想知道是什麼嗎?",405
683,I0FC,聖誕帽,"[收藏品]
""我希望每天都是聖誕節.""",-1
684,I0FB,真·戰神·神聖加農炮,"[史詩]
- 傳奇至寶 武器 (槍支) -
給予邪惡正義的制裁
∴攻擊力+4500
∴敏捷 +445
∴技能傷害 +2.5%
∴攻擊時幾率觸發神聖炮彈
▣ 等級.80",649
685,I0FA,戰神·神聖加農炮,"[史詩]
- 傳奇至寶 武器 (槍支) -
∴攻擊力+3300
∴敏捷 +330
∴攻擊時幾率觸發神聖炮彈
▣ 等級.80",182
686,I0F9,真·柏麗娜龍炮,"[史詩]
- 傳奇至寶 武器 (槍支) -
你極其渴望得到強大的力量！.
∴攻擊力+4000
∴敏捷 +330
∴攻擊時幾率觸發魔龍打擊
▣ 等級.70",647
687,I0F8,柏麗娜龍炮,"[史詩]
- 傳奇至寶 武器 (槍支) -
你極其渴望得到強大的力量！.
∴攻擊力+3000
∴敏捷 +215
∴攻擊時幾率觸發魔龍打擊
▣ 等級.70",170
688,I0F7,萊圖斯鋼炮,"[史詩]
- 傳奇至寶 武器 (槍支) -
炮彈面前人人平等!
∴攻擊力+3200
∴敏捷 +180
∴8秒觸發一次 下次攻擊附加鋼炮傷害強化
▣ 等級.70",729
689,I0F6,滄海步槍,"[魔力]
- 武器 (槍支) -
∴攻擊力+1000
∴敏捷 +130
∴攻擊時幾率觸發滄海之擊
▣ 等級.70",97
690,I0F5,山丘步槍,"[魔力]
- 武器 (槍支) -
∴攻擊力+1250
∴敏捷 +150
∴攻擊時幾率觸發墮落之刺
▣ 等級.80",112
691,I0F4,火焰領主步槍,"[魔力]
- 武器 (槍支) -
∴攻擊力+850
∴敏捷 +105
∴攻擊時幾率觸發火之祝福
▣ 等級.60",82
692,I0F3,真·秩序之源·永恆碧藍怒火之劍,"[史詩]
- 冥靈傳世 武器 (近戰) -
世界上唯一的真理就是力量.
∴攻擊力+9000
∴力量 +480
∴敏捷 +480
∴主屬性 +250
∴技能傷害 +10.5%
∴攻擊時幾率 觸發混沌爆破
▣ 等級.100",906
693,I0F2,劇毒步槍,"[罕見]
- 武器 (槍支) -
∴攻擊力+1000
∴敏捷 +170
∴攻擊時使敵人中毒，每10秒造成1500的額外傷害
▣ 等級.50",134
694,I0F1,火焰步槍,"[普通]
- 武器 (槍支) -
∴攻擊力+500
∴敏捷 +80
▣ 等級.60",75
695,I0F0,瑞文步槍,"[魔力]
- 武器 (槍支) -
∴攻擊力+650
∴敏捷 +85
∴攻擊時幾率觸發黑暗閃電
▣ 等級.50",62
696,I0EZ,暗影步槍,"[普通]
- 武器 (槍支) -
∴攻擊力+320
∴敏捷 +60
▣ 等級.50",51
697,I0EY,征服·恐懼支配,"[史詩]
- 鴻蒙起源 鎧甲 -
它讓你害怕得發抖
∴護甲 +300
∴力量 +550
∴技能傷害 +15%
∴持續傷害+10%
∴每當釋放技能疊加恐懼
∴點擊使用 激活混亂
▣ 等級.100",922
698,I0EX,行盡·生命烈焰,"[史詩]
- 鴻蒙起源 翅膀 -
閃爍着生命的火焰
∴攻擊力+4800
∴力量 +400
∴敏捷 +400
∴技能傷害 +10%
∴攻擊時激活燃燒靈魂
∴點擊使用 墜落火焰
▣ 等級.100",929
699,I0EW,冰霜步槍,"[普通]
- 武器 (槍支) -
∴攻擊力+200
∴敏捷 +38
▣ 等級.40",38
700,I0EV,死亡嚮往,"[史詩]
- 鴻蒙起源 翅膀 -
收割神的翅膀
∴主屬性 +450
∴生命值 +2000
∴移動速度 +75
∴技能傷害 +15%
∴技能施放後，下次攻擊激活靈魂詛咒
▣ 等級.100",930
701,I0EU,深海步槍,"[普通]
- 武器 (槍支) -
∴攻擊力+120
∴敏捷 +25
▣ 等級.30",23
702,I0ET,洞悉·真理之瞳,"[史詩]
- 鴻蒙起源 頭盔 -
滌盡虛妄，唯餘真理.
∴護甲 +175
∴全屬性 +250
∴主屬性 +250
∴技能傷害 +10%
∴所受傷害-5%
∴攻擊時觸發洞悉
∴施放終極技能時觸發心之眼
▣ 等級.100",938
703,I0ER,神祕的令牌,"[特殊物品]
你會收到一條彈幕.
∴在百度貼吧-世界RPG吧 發帖秀一下吧",406
704,I0EQ,萬聖節耀目翅膀,"[收藏品]
萬聖節神祕的禮物.",507
705,I0EP,召喚亞莫亞,"[收藏品]
召喚一隻叫亞莫亞的小貓.",-1
706,I0EO,女巫的神祕糖果,"[收藏品]
""這糖果味道那是極好的...""",-1
707,I0EN,幼小幽靈邀請函,"[召喚類物品]
和我一起來個小探險咋樣?
◎激活活動事件“幼小幽靈探險記”",-1
708,I0EM,神祕的糖果,"[糖果]
萬聖節裏充滿魔力的糖果.
∴目標怪物被萬聖節氣氛影響，它們的物品掉率提高（不過它不會掉落邀請函）",-1
709,I0EL,被遺落的深淵骷髏頭,"[史詩]
- 禁斷聖物 材料 -
∴點擊查看相關合成組合",265
710,I0EK,深淵碎片,"[史詩]
- 禁斷聖物 材料 -
古老深淵中的碎片.
∴點擊使用 兌換其他材料",356
711,I0EJ,寰宇之翼,"[史詩]
- 鴻蒙起源 翅膀 -
用生命綻放.
∴全屬性 +350
∴攻擊速度 +10%
∴技能傷害 +17.5%
∴移動速度 +50
∴點擊使用 激活生命之禮
∴每當釋放技能有幾率激活重生
▣ 等級.100",905
712,I0EI,神聖起源羽翼,"[史詩]
- 鴻蒙起源 翅膀 -
一切邪惡都將被我的火焰淨化
∴主屬性 +400
∴生命值 +1500
∴技能傷害 +10%
∴火焰傷害 +5%
∴造成魔法傷害時，激活聖火
∴點擊使用 激活熾熱黎明
▣ 等級.100",904
713,I0EH,湮滅幽魂甲冑,"[史詩]
- 禁斷聖物 鎧甲 -
你的靈魂給予你更強大力量..
∴護甲 +205
∴力量 +145, 敏捷 +325
∴技能傷害 +10%
∴致命一擊概率 +10%
∴生命值很低時觸發幽魂守護
▣ 等級.100",752
714,I0EG,飛星流彩碎翼,"[史詩]
- 禁斷聖物 翅膀 -
飛翔那美麗的天空
∴力量 +250, 敏捷 +280
∴技能傷害 & 魔法抗性 +7.5%
∴釋放技能時下次攻擊觸發蒼穹之力
∴點擊使用 羣星流彩
▣ 等級.100",280
715,I0EF,深沉悲傷·撕裂光芒,"[史詩]
- 禁斷聖物 首飾 -
光明也會被黑暗侵蝕.
∴力量 +370, 智力 +350
∴技能傷害 +12%
∴將造成的部分傷害量轉換爲生命值和魔法值
∴點擊使用 黑騎契約
▣ 等級.100",751
716,I0EE,靈魂隔斷羽翼,"[史詩]
- 鴻蒙起源 翅膀 -
死亡是我們唯一的喘息機會.
∴攻擊力+2000
∴主屬性 +225
∴全屬性 +175
∴致命一擊倍率 +0.40x
∴每當釋放技能 6秒 技能傷害和致命一擊概率 6% 提高
∴點擊使用 激活靈魂風暴
▣ 等級.100",950
717,I0E7,聖典扉頁,"[史詩]
- 禁斷聖物 材料 -
∴點擊查看相關合成組合",282
718,I0E6,聖使鎖魄,"[史詩]
- 禁斷聖物 材料 -
∴點擊查看相關合成組合",283
719,I0E5,神聖金屬,"[史詩]
- 禁斷聖物 材料 -
∴點擊查看相關合成組合",281
720,I0E4,無軒之湮魄頭巾,"[史詩]
- 禁斷聖物 頭盔 -
擁有了它，你就擁有了無上的地位
∴護甲 +110
∴力量 & 敏捷 +170
∴智力 +220
∴技能傷害 +4%
∴使用時觸發力量爆炸
▣ 等級.100",748
721,I0E3,地獄輓歌,"[史詩]
- 禁斷聖物 武器 (法杖) -
有希望麼？就在眼前。如不奮鬥，那就是絕望?
∴攻擊力+7800
∴智力 +700
∴技能傷害 +8%
∴技能 點擊使用觸發噩夢打擊
∴點擊使用 觸發絕望亡曲
▣ 等級.100",745
722,I0E2,創世聖鎧,"[史詩]
- 禁斷聖物 鎧甲 -
世間無盡力量湧入你的身體
∴護甲 +245
∴力量 +295, 敏捷 +190
∴魔法抗性 +10%
∴使用時幾率觸發創世印記
▣ 等級.100",746
723,I0E1,聖魔指環,"[史詩]
- 禁斷聖物 首飾 -
遠古時期一個孤獨幽魂所攜帶的戒指.
∴主屬性 +430
∴魔法值恢復 +15
∴攻擊速度 +20%
∴技能傷害 +14.5%
∴使用時觸發暗之審判
▣ 等級.100",750
724,I0E0,百里流光聖影之刃 ,"[史詩]
- 禁斷聖物 武器 (近戰) -
這是一把傳奇之劍，讓你擁有強力戰鬥力
∴攻擊力+8700
∴力量 +535, 敏捷 +565
∴技能釋放後下次攻擊附帶電強化
∴使用時觸發光之軌跡
▣ 等級.100",744
725,I0DZ,異端審判,"[史詩]
- 禁斷聖物 頭盔 -
未實現的惡魔理想已經被神訣
∴護甲 +125
∴力量 +160
∴敏捷 +130
∴攻擊傷害+7.5%
∴每次攻擊時觸發審判
∴點擊使用 魔力抗擊
▣ 等級.100",749
726,I0DY,聖痕戰盔,"[史詩]
- 神話傳說 頭盔 -
相信我，猛烈突擊去吧！!
∴護甲 +110
∴全屬性 +100
∴主屬性 +75
∴攻擊傷害+5%
∴周圍的友軍速度和生命值恢復提升
∴4分鐘CD，主動使用觸發魔法免疫
▣ 等級.100",742
727,I0DX,特比略遺落之輝閃,"[史詩]
- 禁斷聖物 武器 (近戰) -
無盡的力量，無上的權利，全給了你
∴攻擊力+9300
∴力量 +610
∴致命一擊概率 +12%
∴技能釋放後下一次攻擊附帶電強化
∴使用時有幾率觸發輝閃結界
▣ 等級.100",743
728,I0DW,自然之翼,"[魔力]
- 翅膀 -
∴全屬性 +15
∴獲得經驗值+10%
∴點擊使用 使用時生成連接當前位置和新手村的傳送陣
▣ 等級.20",13
729,I0DV,肉袋,"[魔力]
- 首飾 -
∴全屬性 +25
∴生命值 +500
∴魔法值 +500
∴點擊使用 取肉
▣ 等級.40",49
730,I0DU,金剛趾甲,"[魔力]
- 武器 (近戰) -
∴攻擊力+550
∴力量 +55
∴敏捷 +30
∴技能傷害 +5%
∴連續攻擊同一目標時造成400魔法傷害附加
▣ 等級.40",47
731,I0DT,海象 披風,"[魔力]
- 翅膀 -
∴全屬性 +20
∴生命值恢復 +5
∴擊殺怪物時有幾率觸發大海祝福(獲得經驗值提升)
▣ 等級.30",34
732,I0DS,象牙法杖,"[魔力]
- 武器 (法杖) -
∴攻擊力+280
∴智力 +60
∴攻擊速度 +10%
∴每攻擊時300魔法傷害附加
▣ 等級.30",32
733,I0DR,永恆之戒,"[史詩]
- 鴻蒙起源 首飾 -
所有慾望的避風港
∴全屬性 +475
∴技能傷害 +14%
∴生命處於1時激活命運逆轉
∴點擊使用 時空扭曲
▣ 等級.100",903
734,I0DQ,本尼迪特嗜血之鎧,"[史詩]
- 禁斷聖物 鎧甲 -
染滿鮮血的殷紅之鎧甲..
∴護甲 +190
∴敏捷 +295
∴技能傷害 +9%
∴戰鬥狀態下最大生命值提高
∴使用時強制敵人禁錮
▣ 等級.100",747
735,I0DO,女巫美狄亞法衣,"[史詩]
- 禁斷聖物 鎧甲 -
你的靈魂被我控制!!!
∴護甲 +185
∴智力 +340
∴魔法值 +1000
∴技能傷害 +8%
∴點擊使用 控制女巫
▣ 等級.100",741
736,I0DN,戴安娜的神聖法衣,"[史詩]
- 禁斷聖物 鎧甲 -
尋求神靈保佑拯救那冤死的靈魂 ...
∴護甲 +205
∴智力 +330
∴生命值 +1800
∴周圍的友軍 技能傷害 6% & 魔法抗性 8%提升
∴點擊使用祈禱尋求戴安娜護佑
▣ 等級.100",740
737,I0DM,萬聖節糖果,"[特殊物品]
美味的糖果.
∴生命值1000恢復
∴低概率贈予獎勵
∴在糖果區使用會自動",404
738,I0DL,猩紅詛咒,"[史詩]
- 鴻蒙起源 首飾 -
浸透了無法洗去的鮮血
∴力量 +455
∴敏捷 +425
∴持續傷害+35%
∴所受治療量-35%
∴攻擊時幾率觸發狂暴
∴點擊使用 激活舊神的禮物
▣ 等級.100",902
739,I0DK,亡靈,"[書籍]
作者：一名普瑞斯士兵",-1
740,I0DJ,聖水,"[雜項]
教堂裏的神聖之水
◎點擊使用 向周圍敵軍潑灑聖水，使其陷入眩暈狀態",-1
741,I0DI,幽魂破盡·金頂佛光聖物,"[史詩]
- 神話傳說 武器 (法杖) -
吸收天地之精華、蘊含巨大法力的神器
∴攻擊力+6150
∴智力 +595
∴所受傷害-10%
∴點擊使用 觸發混沌光暈
∴自然屬性+6%
▣ 等級.100",583
742,I0DH,金頂佛光杵,"[史詩]
- 傳奇至寶 武器 (法杖) -
大自然的光輝照耀這大地.
∴攻擊力+4000
∴智力 +420
∴所受傷害-8%
∴點擊使用 觸發混沌光暈
∴自然屬性+3%
▣ 等級.80",582
743,I0DG,亡者殘爪,"[史詩]
- 冥靈傳世 材料 -
∴點擊查看相關合成組合",296
744,I0DF,@Unused,,-1
745,I0DE,@Unused,,-1
746,I0DD,@Unused,,-1
747,I0DC,@Unused,,-1
748,I0DB,@Unused,,-1
749,I0DA,災變花冠,"[史詩]
- 鴻蒙起源 頭盔 -
混亂！ 破壞! 遺忘!
∴護甲 +145
∴全屬性 +300
∴技能傷害 +10%
∴火焰傷害 +7.5%
∴自然屬性+5%
∴點擊使用激活大災變
▣ 等級.100",901
750,I0D9,安魂甲冑,"[史詩]
- 禁斷聖物 鎧甲 -
亡者靈魂鑄造的鎧甲
∴護甲 +215
∴力量 +265
∴敏捷 +160
∴使用者周圍的友軍能力值提高
∴8秒觸發一次 三種強力BUFF之一
▣ 等級.100",685
751,I0D8,諸神黃昏·深淵領主的龍笛,"[史詩]
- 神話傳說 首飾 -
凡人無法獲取的混沌聖物
∴智力 +345
∴生命值 +2550
∴技能傷害 +4%
∴周圍的友軍能力值強化
▣ 等級.100",684
752,I0D7,信條·復仇面具,"[史詩]
- 鴻蒙起源 頭盔 -
所有反對我們信條的樂色統統滅掉.
∴護甲 +160
∴力量 +280
∴敏捷 +265
∴攻擊傷害+10%
∴攻擊時有幾率觸發審判
∴點擊使用 激活反魔法盾
▣ 等級.100",900
753,I0D6,霜寒·冰霜聖弓,"[史詩]
- 神話傳說 武器 (弓箭) -
極冰浸潤的遠古聖弓
∴攻擊力+3750
∴敏捷 +415
∴冰屬性/水屬性+5%
∴攻擊時幾率 概率觸發冰霜打擊
▣ 等級.90",597
754,I0D5,聖之魂器,"[史詩]
- 神話傳說 首飾 -
不斷燃燒的火焰圍繞着你
∴力量 +320
∴敏捷 +320
∴技能傷害 +9%
∴攻擊時幾率造成目標護甲減少
▣ 等級.100",683
755,I0D4,惡魔骨翼,"[史詩]
- 神話傳說 翅膀 -
你在哪裏，給予你強大力量..
∴攻擊力+1800
∴力量 +130
∴敏捷 +130
∴所受傷害-7%
∴點擊使用 創造一個通往普瑞斯的傳送門
▣ 等級.100",682
756,I0D3,兌換聖水,"[交易]
普瑞斯的勇者有時候要探險死亡之地。爲此，總是需要做一些充足的準備，收集一些材料合成聖水。.

帶來1顆白色魔法石，即可贈予3瓶聖水.",-1
757,I0D2,耀目星芒魂翼,"[史詩]
- 禁斷聖物 翅膀 -
來自大自然的聖物
∴力量 & 智力 +315
∴生命值恢復 +85
∴魔法抗性 +18%
∴所受治療量+15%
∴點擊使用 周圍的友軍最大生命值獲得提升
▣ 等級.100",276
758,I0D1,霜魂女神之翼,"[史詩]
- 禁斷聖物 翅膀 -
冰清玉潔的聖物!
∴智力 +285
∴生命值 +1200
∴魔法值 +3750
∴技能傷害 +11%
∴點擊使用 觸發女神祝福
∴冰屬性/水屬性傷害+7%
▣ 等級.100",674
759,I0D0,大自然探險,"[書籍]
作者：一位探險家",-1
760,I0CZ,不死亡靈,"[書籍]
作者：一位普瑞斯長者",-1
761,I0CY,黑暗巨龍,"[書籍]
作者：精靈塔的巫師",-1
762,I0CX,毀滅的徵兆,"[書籍]
作者：普瑞斯基地士兵前隊長",-1
763,I0CW,夢魘儀式,"[書籍]
作者：著名的普瑞斯雕塑家",-1
764,I0CV,封印之塔,"[書籍]
作者：佚名",-1
765,I0CU,熔岩血海·妖龍嘆息,"[史詩]
- 神話傳說 武器 (弓箭) -
埋葬妖龍的殺器，已從熔岩中甦醒了!!
∴攻擊力+7200
∴力量 +185, 敏捷 +555
∴攻擊時幾率觸發破碎打擊
∴火焰傷害 +10%
▣ 等級.100",659
766,I0CT,泰坦板甲,"[史詩]
- 鴻蒙起源 鎧甲 -
充滿強大力量的盔甲
∴護甲 +275
∴力量 +480
∴技能傷害 +15%
∴每當釋放技能激活泰坦咆哮
∴點擊使用 激活泰坦之怒
▣ 等級.100",899
767,I0CS,水神法衣,"[史詩]
- 神話傳說 鎧甲 -
水神曾經的護身法袍.
∴護甲 +180
∴智力 +215
∴技能傷害 +3%
∴魔法值恢復 +20
∴4分鐘CD，主動使用觸發魔法免疫
▣ 等級.100",663
768,I0CR,滄海庇佑,"[史詩]
- 神話傳說 鎧甲 -
來自於深海的庇佑.
∴護甲 +180
∴敏捷 +180
∴技能傷害 +7%
∴20秒觸發一次抵擋3次傷害的護盾
▣ 等級.100",244
769,I0CQ,凜冰契約·霜梟,"[史詩]
- 神話傳說 首飾 -
永恆冰封的指環
∴護甲 +35
∴全屬性 +235
∴技能傷害 +6%
∴所受傷害-12%
∴攻擊時對目標附加減速效果
▣ 等級.100",664
770,I0CP,聖佑頭盔,"[史詩]
- 神話傳說 頭盔 -
這件頭盔閃爍着幽暗的光芒
∴護甲 +110
∴力量 +120
∴所受傷害-8%
∴被攻擊時概率獲得生命值恢復
∴點擊使用 暫時造成最高生命值和魔法值提高
▣ 等級.100",245
771,I0CO,佑腐鱗甲,"[史詩]
- 神話傳說 鎧甲 -
深海中被注入魔力的鎧甲.
∴護甲 +200
∴力量 +245
∴技能傷害 +6%
∴受到攻擊時幾率反彈傷害
∴受到的傷害累積可攢出強大的氣波
▣ 等級.100",662
772,I0CN,風暴殤神混天舞,"[史詩]
- 神話傳說 武器 (近戰) -
暴風前的預兆
∴攻擊力+5550
∴敏捷 +580
∴攻擊速度 +15%
∴攻擊時幾率觸發風暴
∴每當釋放技能 幾率觸發覺醒
▣ 等級.100",661
773,I0CM,冬之淚·滄瀾雪印,"[史詩]
- 神話傳說 武器 (法杖) -
被冰封的美麗聖物
∴攻擊力+4500
∴智力 +630
∴生命值 +1500
∴每當釋放技能 下次攻擊附帶減速和額外傷害
∴點擊使用 發動滄瀾風暴
∴冰屬性/水屬性傷害+6%
▣ 等級.100",623
774,I0CL,祈禱書,"[書籍]
作者：海難倖存的船長",-1
775,I0CK,滄海元力,"[史詩]
- 神話傳說 材料 -
∴點擊查看相關合成組合",250
776,I0CJ,聖佑精石,"[史詩]
- 神話傳說 材料 -
∴點擊查看相關合成組合",248
777,I0CI,血色面具,"[書籍]
作者：喬納安·傑斯特",-1
778,I0CH,血祭·碧空之歌,"[史詩]
- 冥靈傳世 首飾 -
充滿神祕的力量!!
∴攻擊力+1800
∴全屬性 +225, 主屬性 +75
∴技能傷害 &傷害減免率 +7.5%
∴5秒觸發一次下次攻擊強化
▣ 等級.100",790
779,I0CG,弱水精華,"[史詩]
- 神話傳說 首飾 -
不管你怎麼用，他都不會枯竭
∴全屬性 +230
∴魔法值 +1200
∴技能傷害 +5%
∴點擊使用 魔法值恢復
▣ 等級.100",246
780,I0CF,噩夢根源,"[召喚類物品]
開啓夢魘儀式的法杖
◎點擊使用 召喚BOSS
◎只能在熔岩火山使用",-1
781,I0CE,怒焱魂翼,"[史詩]
- 神話傳說 翅膀 -
掌握混沌，你就是王者
∴力量 +205
∴敏捷 +190
∴技能傷害 +5%
∴每當釋放技能 下一次攻擊附帶魂怒效果
▣ 等級.100",660
782,I0CD,怒焰精華,"[史詩]
- 神話傳說 材料 -
∴點擊查看相關合成組合",241
783,I0CC,腐蝕觸角法杖,"[罕見]
- 武器 (法杖) -
∴攻擊力+1500
∴智力 +180
∴技能傷害 +6%
▣ 等級.70",608
784,I0CB,送葬者之弩,"[罕見]
- 武器 (弓箭) -
∴攻擊力+1300
∴主屬性 +165
∴攻擊速度 +15%
∴技能傷害 +4%
∴每14次攻擊時發動死亡嗜血
▣ 等級.50",64
785,I0CA,憎惡,"[史詩]
- 神話傳說 武器 (法杖) -
沒有任何力量能超越你的仇恨..
∴攻擊力+5550
∴智力 +600
∴魔法值恢復 +25
∴將一部分傷害轉換爲智力屬性
∴點擊使用 發動死亡嗜血
▣ 等級.100",235
786,I0C9,憤怒,"[史詩]
- 神話傳說 武器 (近戰) -
控制不了,就讓怒火無盡燃燒.
∴攻擊力+6750
∴力量 +555
∴技能傷害 +5%
∴攻擊時幾率發動怒火打擊
∴點擊使用觸發憤怒燃燒
▣ 等級.100",658
787,I0C8,噩夢指環,"[史詩]
- 神話傳說 首飾 -
力量進入到噩夢之中?
∴力量 +275
∴敏捷 +255
∴持續傷害+20%
∴所受治療量-20%
∴攻擊時幾率觸發噩夢打擊
▣ 等級.100",239
788,I0C7,永恆聖焱之冠,"[史詩]
- 神話傳說 頭盔 -
神聖的熾焰帶來純粹的魔法能量
∴護甲 +90
∴全屬性 +115
∴技能傷害 +5%
∴最大生命值2%轉換爲智力屬性 (最高50)
∴火焰傷害 +4%
▣ 等級.100",238
789,I0C6,魔淵焱甲,"[史詩]
- 神話傳說 鎧甲 -
感受壓倒性的火焰能量吧 !
∴護甲 +200
∴力量 +165, 敏捷 +80
∴所受傷害-9%
∴生命處於35%以下時觸發火焱
▣ 等級.100",237
790,I0C5,死神之戒,"[史詩]
- 神話傳說 首飾 -
死亡的主宰，擁有無邊的力量！
∴主屬性 +290
∴魔法值恢復 +15
∴攻擊速度 +20%
∴技能傷害 +10%
∴點擊使用 2秒內受到的傷害轉換爲生命值
▣ 等級.100",657
791,I0C4,絲克爾·不潔魔盔,"[史詩]
- 傳奇至寶 頭盔 -
享受破壞之力吧！
∴護甲 +70
∴力量 +60
∴敏捷 +70
∴技能傷害 +3%
▣ 等級.80",188
792,I0C3,詛咒面罩,"[罕見]
- 頭盔 -
∴護甲 +40
∴生命值 +450
∴技能傷害 +4%
∴所受傷害+6%
∴點擊使用 觸發修羅血界
▣ 等級.50",67
793,I0C2,腐蝕暗黑號角,"[史詩]
- 傳奇至寶 首飾 -
可怕的傳說號角！ 
∴全屬性 +115
∴生命值 +1000
∴魔法值 +1000
∴技能傷害 +8%
∴點擊使用 召喚觸手
▣ 等級.80",656
794,I0C1,腐蝕寄蟲殼劍,"[罕見]
- 武器 (近戰) -
∴攻擊力+2000
∴護甲 +40
∴力量 +150
∴敏捷 +120
∴攻擊時造成濺射傷害和幾率 生命值恢復
▣ 等級.70",607
795,I0C0,腐蝕龍蝦鱗甲,"[罕見]
- 鎧甲 -
∴護甲 +90
∴力量 +100
∴生命值恢復 +30
∴受到攻擊時幾率反彈傷害
▣ 等級.70",609
796,I0BZ,波浪號角,"[史詩]
- 傳奇至寶 首飾 -
傳說中藏於深海的角笛。。但吹不了.
∴全屬性 +80
∴生命值 +750
∴魔法值 +750
∴技能傷害 +5%
▣ 等級.70",98
797,I0BY,被污染的觸角,"[罕見]
- 材料 -
∴點擊查看相關合成組合",99
798,I0BW,滄海頭盔,"[普通]
- 頭盔 -
∴護甲 +40
∴主屬性 +40
▣ 等級.70",93
799,I0BV,滄海法衣,"[普通]
- 鎧甲 -
∴護甲 +50
∴智力 +75
▣ 等級.70",92
800,I0BU,滄海盔甲,"[普通]
- 鎧甲 -
∴護甲 +70
∴力量 +50
∴敏捷 +50
▣ 等級.70",91
801,I0BT,死亡之戒,"[罕見]
- 首飾 -
∴敏捷 +85
∴智力 +100
∴攻擊速度 +15%
∴技能傷害 +5%
∴持續不斷的吸收周圍敵人的靈氣
▣ 等級.50",68
802,I0BS,死者之衣,"[罕見]
- 鎧甲 -
∴護甲 +60
∴主屬性 +95
∴技能傷害 +3%
∴致命一擊概率 +3%
∴生命值很低時持續3秒 所受傷害90%減少
▣ 等級.50",65
803,I0BR,鮮血之眼,"[罕見]
- 武器 (通用) -
∴智力 +150
∴生命值 +900
∴技能傷害 +4%
∴攻擊時生命值吸取
∴點擊使用 8秒持續時間內生命恢復及技能傷害增加8%
▣ 等級.50",66
804,I0BQ,送葬者之刃,"[罕見]
- 武器 (近戰) -
∴攻擊力+1300
∴主屬性 +125
∴攻擊速度 +25%
∴致命一擊倍率 +0.15x
∴每14次攻擊時發動死亡嗜血
▣ 等級.50",63
805,I0BP,滄海法杖,"[魔力]
- 武器 (法杖) -
∴攻擊力+750
∴智力 +160
∴攻擊時幾率觸發滄海之擊
▣ 等級.70",95
806,I0BO,滄海弓,"[魔力]
- 武器 (弓箭) -
∴攻擊力+1000
∴敏捷 +130
∴攻擊時幾率觸發滄海之擊
▣ 等級.70",96
807,I0BN,滄海劍,"[魔力]
- 武器 (近戰) -
∴攻擊力+1250
∴主屬性 +100
∴攻擊時幾率觸發滄海之擊
▣ 等級.70",94
808,I0BK,真·守護聖戒,"[史詩]
- 神話傳說 首飾 -
在我沒完成任務之前,絕不倒下
∴護甲 +40
∴力量 +130
∴敏捷 +110
∴生命值恢復 +25
∴魔法抗性 +15%
▣ 等級.100",604
809,I0BJ,守護聖戒,"[史詩]
- 傳奇至寶 首飾 -
在我沒完成任務之前,絕不倒下
∴護甲 +25
∴力量 +65
∴敏捷 +50
∴生命值恢復 +15
∴魔法抗性 +10%
▣ 等級.80",177
810,I0BI,魔淵之鎬,"[史詩]
- 神話傳說 鎬頭 -
∴採礦速度: 6秒挖掘1次
∴可採集巨型石礦",384
811,I0BH,女神仙翼,"[史詩]
- 神話傳說 翅膀 -
掌握速度與靈智的精靈之力!
∴智力 +215
∴生命值 +1200
∴魔法值 +2250
∴技能傷害 +8%
∴點擊使用 創造一個通往普瑞斯的傳送門
▣ 等級.100",634
812,I0BG,痛楚·深淵沉殤,"[史詩]
- 鴻蒙起源 武器 (槍支) -
深淵將吞噬你.
∴攻擊力+7800
∴敏捷 +390
∴智力 +760
∴攻擊速度 +30%
∴友軍恢復 得到強化
∴點擊使用 深淵煉獄
▣ 等級.100",898
813,I0BF,貪魔·深淵之門,"[史詩]
- 鴻蒙起源 武器 (法杖) -
墮落在這無盡深淵中.
∴攻擊力+7600
∴智力 +850
∴生命值 +2500
∴在釋放技能和治療時激活深淵之力
∴點擊使用 激活深淵的呼喚
▣ 等級.100",913
814,I0BE,綻放·生命之心,"[史詩]
- 鴻蒙起源 首飾 -
用生命綻放.
∴主屬性 +525
∴生命值 +2000
∴攻擊速度 +7%
∴自然屬性+7.5%
∴周圍友軍得到強化
∴點擊使用 激活生命綻放
▣ 等級.100",912
815,I0BD,光明使者,"[史詩]
- 鴻蒙起源 武器 (近戰) -
照亮勝利之路的神聖之刃
∴攻擊力+12500
∴全屬性 +450
∴主屬性 +500
∴技能傷害 +17.5%
∴光屬性 +5%
∴攻擊時幾率觸發神聖一擊
∴點擊使用 激活正義之劍
▣ 等級.100",918
816,I0BB,南瓜,"[食物]
|CFFFFDEAD綠色食品
∴生命值和魔法值30% 恢復",-1
817,I0BA,哈密瓜,"[食物]
|CFFFFDEAD經過多年的精心培養，超級美味哦.
∴60秒 技能傷害 +12%",-1
818,I0B9,西紅柿,"[食物]
|CFFFFDEAD美味的西紅柿
∴10分鐘內經驗值+15%",680
819,I0B8,血神之眼,"[史詩]
- 鴻蒙起源 頭盔 -
充滿渴望的眼睛
∴護甲 +135
∴智力 +375
∴魔法抗性 +10%
∴周圍的友軍傷害和技能傷害 7.5%提升
∴點擊使用 赤紅之子
▣ 等級.100",917
820,I0B6,魔魘破滅盔,"[史詩]
- 神話傳說 頭盔 -
偉大的魔皇會毀滅一切!
∴護甲 +75
∴力量 +125
∴敏捷 +135
∴技能傷害 +6%
∴所受傷害+6%
∴點擊使用 發動破壞死光
▣ 等級.90",212
821,I0B5,墮落的火焰魂翼,"[史詩]
- 神話傳說 翅膀 -
墮落的火焰給予世界邪惡的衝擊，包括自己！.
∴全屬性 +195
∴技能傷害 +4%
∴持續傷害+9%
∴指向型技能會激活魔焰吞噬目標
▣ 等級.100",627
822,I0B4,冰魂雪衣,"[史詩]
- 神話傳說 鎧甲 -
古代的冰魂將庇護你.
∴護甲 +180
∴智力 +250
∴技能傷害 +5%
∴魔法抗性 +5%
∴點擊使用 可召喚遠古冰魂守護你
▣ 等級.100",598
823,I0B3,聖焱戰神之甲,"[史詩]
- 神話傳說 鎧甲 -
聖光賦予你勇氣與力量.
∴護甲 +200
∴力量 +230
∴敏捷 +100
∴技能傷害 +5%
∴周圍的友軍的屬性提高
▣ 等級.100",602
824,I0B2,克羅洛斯·血羽之甲,"[史詩]
- 神話傳說 鎧甲 -
我會用敵人的血和肉使你更加強大
∴護甲 +160
∴敏捷 +220
∴技能傷害 +2.5%
∴根據傷害的比例獲得最大生命值提高
∴點擊使用 釋放克羅洛斯
▣ 等級.100",584
825,I0B1,掠奪之戒,"[史詩]
- 神話傳說 首飾 -
你已經成爲了掠奪者.
∴全屬性 +245
∴技能傷害 +6%
∴點擊使用 觸發掠奪之力
▣ 等級.100",665
826,I0B0,賢者之戒,"[史詩]
- 傳奇至寶 首飾 -
知識的力量.
∴全屬性 +145
∴技能傷害 +4%
∴點擊使用 觸發賢者之力
▣ 等級.70",622
827,I0AZ,共振指環,"[史詩]
- 傳奇至寶 首飾 -
""強大的魔法無需多言，肝吧"" -元素領主
∴全屬性 +90
∴技能傷害 +3%
∴點擊使用 觸發共振
▣ 等級.70",162
828,I0AY,南瓜權杖,"[史詩]
- 傳奇至寶 武器 (法杖) -
萬聖節快樂!
∴攻擊力+1700
∴智力 +260
∴攻擊速度 +25%
∴點擊使用 扔出南瓜彈
▣ 等級.60",154
829,I0AX,無羈·超越之冠,"[史詩]
- 鴻蒙起源 頭盔 -
無人可控制我.
∴護甲 +150
∴全屬性 +315
∴技能傷害 +15%
∴冰屬性/水屬性+10%
∴每當釋放技能幾率激活超越
∴點擊使用觸發覺醒
▣ 等級.100",916
830,I0AW,天照·崩靈烈焰,"[史詩]
- 鴻蒙起源 武器 (弓箭) -
生命之火在我心中燃燒.
∴攻擊力+10700
∴力量 +345, 敏捷 +795
∴火焰傷害 +16%
∴攻擊時幾率附帶火焰印記
∴在戰鬥時積攢能量
▣ 等級.100",915
831,I0AV,童話長袍,"[史詩]
- 傳奇至寶 鎧甲 -
一個經過考驗的守護者
∴護甲 +145
∴智力 +215
∴生命值 +1200
∴點擊使用 召喚一隻強大的精靈龍
▣ 等級.80",119
832,I0AU,淨空·至上祝福羽翼,"[史詩]
- 冥靈傳世 翅膀 -
被大天使坎貝爾祝福的翅膀
∴全屬性 +225
∴主屬性 +75
∴魔法值恢復 +20
∴技能傷害 +15%
∴每當釋放技能 5%幾率觸發大天使的祝福 (CD: 120秒)
▣ 等級.100",631
833,I0AT,天使枷鎖之翼,4個銀幣兌換.,355
834,I0AS,淨化之證,"[史詩]
- 禁斷聖物 材料 -
∴點擊查看相關合成組合",270
835,I0AR,我是作弊狗,,628
836,I0AQ,我是作弊狗,,628
837,I0AP,我是作弊狗,,628
838,I0AO,我是作弊狗,,628
839,I0AN,諸神黃昏·混沌之心,"[史詩]
- 神話傳說 首飾 -
混沌的力量你無法掌握
∴全屬性 +340
∴技能傷害 +10%
∴周圍的敵軍護甲減少
∴在受到攻擊時有概率激活絕對守護
▣ 等級.100",629
840,I0AM,皓月醉影之劍,"[史詩]
- 冥靈傳世 武器 (近戰) -
想擁有無限的力量？那麼請支配它吧！ ..
∴攻擊力+9900
∴力量 & 敏捷 +510
∴主屬性 +300
∴技能傷害 +12%
∴攻擊時10% 幾率 觸發混沌爆破
▣ 等級.100",714
841,I0AL,混沌匕首,"[史詩]
- 冥靈傳世 武器 (通用) -
魔道並不能抑制的匕首！
∴攻擊力+6300
∴全屬性 +615
∴攻擊速度 +30%
∴技能傷害 +12%
∴攻擊時激活元素氣息
∴點擊使用 召喚混沌隨從
▣ 等級.100",630
842,I0AJ,遠古弓,"[魔力]
- 武器 (弓箭) -
∴攻擊力+170
∴敏捷 +35
∴攻擊時幾率觸發爆破
▣ 等級.20",17
843,I0AI,屬性找回,"找回一點未分配的屬性
▣ 等級. 40",-1
844,I0AH,智力返還,"把一點智力歸還爲可分配狀態.
不可以低於它的初始數值.
▣ 等級. 40",-1
845,I0AG,敏捷返還,"把一點敏捷歸還爲可分配狀態.
不可以低於它的初始數值.
▣ 等級. 40",-1
846,I0AF,力量返還,"把一點力量歸還爲可分配狀態
不可以低於它的初始數值.
▣ 等級. 40",-1
847,I0AE,魔淵·法力之源,"[史詩]
- 神話傳說 頭盔 -
無盡的法力源源不斷
∴護甲 +75
∴智力 +200
∴技能傷害 +7.5%
∴點擊使用 魔力專注
▣ 等級.100",621
848,I0AD,聖天使之環,"[史詩]
- 神話傳說 頭盔 -
大天使的光芒將戰勝一切
∴護甲 +110
∴力量 +135
∴敏捷 +90
∴攻擊傷害+7.5%
∴3分鐘CD，主動使用觸發魔法免疫
▣ 等級.100",603
849,I0AC,腐敗水晶之翼,"[史詩]
- 傳奇至寶 翅膀 -
從這水晶的翅膀裏噴發出無窮的邪惡力量
∴全屬性 +145
∴魔法值恢復 +15
∴技能傷害 +9%
▣ 等級.80",626
850,I0AB,墮落侵蝕遺物,"[罕見]
- 材料 -
∴點擊查看相關合成組合",114
851,I0AA,腐敗的水晶碎片,"[史詩]
- 傳奇至寶 首飾 -
從水晶裏爆發出無盡的力量
∴全屬性 +105
∴生命值恢復 +30
∴魔法值恢復 +12
∴技能傷害 +6%
▣ 等級.80",113
852,I0A9,山丘弓,"[魔力]
- 武器 (弓箭) -
∴攻擊力+1250
∴敏捷 +150
∴攻擊時幾率觸發墮落之刺
▣ 等級.80",111
853,I0A8,山丘法杖,"[魔力]
- 武器 (法杖) -
∴攻擊力+1000
∴智力 +180
∴攻擊時幾率觸發墮落之刺
▣ 等級.80",110
854,I0A7,山丘劍,"[魔力]
- 武器 (近戰) -
∴攻擊力+1500
∴主屬性 +120
∴攻擊時幾率觸發墮落之刺
▣ 等級.80",109
855,I0A6,哀嚎·折磨鎖鏈,"[史詩]
- 鴻蒙起源 首飾 -
深深的仇恨在這個戒指中流淌
∴力量/敏捷 +240
∴智力 +480
∴魔法值 +5000
∴技能傷害 +12%
∴技能命中時激活折磨
∴點擊使用 激活嚎叫之魂
▣ 等級.100",926
856,I0A5,世界破壞者,"[史詩]
- 鴻蒙起源 武器 (近戰) -
面對末日
∴攻擊力+10500
∴力量 +850
∴智力 +500
∴攻擊速度 -75%
∴每當釋放技能疊加破滅
∴點擊使用 激活世界破壞者
▣ 等級.100",919
857,I0A4,山丘法衣,"[普通]
- 鎧甲 -
∴護甲 +50
∴智力 +90
▣ 等級.80",107
858,I0A3,山丘盔甲,"[普通]
- 鎧甲 -
∴護甲 +80
∴力量 +65
∴敏捷 +65
▣ 等級.80",106
859,I0A2,迴心·生命波紋,"[史詩]
- 鴻蒙起源 翅膀 -
它隨着生命而振動
∴全屬性 +420
∴水/風/土屬性 +7.5%
∴周圍的友軍所受治療量15% 提高
∴每當釋放技能 5% 幾率重置CD
∴點擊使用 復活一名附近友軍
▣ 等級.100",932
860,I0A1,山丘頭盔,"[普通]
- 頭盔 -
∴護甲 +48
∴主屬性 +45
▣ 等級.80",108
861,I09Y,無痕·破碎之心,"[史詩]
- 鴻蒙起源 武器 (通用) -
獻上你的心!
∴攻擊力+10700
∴主屬性 +930
∴攻擊速度 +30%
∴技能傷害 +7.5%
∴生命值50%以下的敵人獲得傷害額外增強
∴點擊使用 無痕破碎
▣ 等級.100",878
862,I09T,真·上古魔龍之弓,"[史詩]
- 傳奇至寶 武器 (弓箭) -
你極其渴望得到強大的力量！.
∴攻擊力+4000
∴敏捷 +330
∴攻擊時幾率觸發魔龍打擊
▣ 等級.70",611
863,I09S,上古魔龍之弓,"[史詩]
- 傳奇至寶 武器 (弓箭) -
你極其渴望得到強大的力量！.
∴攻擊力+3000
∴敏捷 +215
∴攻擊時幾率觸發魔龍打擊
▣ 等級.70",168
864,I09R,自然之紋,"[史詩]
- 鴻蒙起源 材料 -
∴點擊查看相關合成組合",331
865,I09Q,真·阿拉卡特·不潔之弓,"[史詩]
- 傳奇至寶 武器 (弓箭) -
別想活着離開!你們的內心將被阿拉卡特大人刺穿 !!
∴攻擊力+4000
∴敏捷 +460
∴技能傷害 +3.5%
∴攻擊時幾率發動黑暗打擊
▣ 等級.80",586
866,I09P,神降·亞特蘭蒂斯的破滅聖弓,"[史詩]
- 神話傳說 武器 (弓箭) -
世界上唯一的真理就是力量.
∴攻擊力+6600
∴力量 +360
∴敏捷 +525
∴技能傷害 +4%
∴攻擊時幾率 觸發混沌魔影
▣ 等級.100",619
867,I09O,阿拉卡特·不潔之弓,"[史詩]
- 傳奇至寶 武器 (弓箭) -
別想活着離開!你們的內心將被阿拉卡特大人刺穿 !!
∴攻擊力+3200
∴敏捷 +350
∴攻擊時幾率發動黑暗打擊
▣ 等級.80",191
868,I09N,極寒碎片,"[史詩]
- 禁斷聖物 材料 -
∴點擊查看相關合成組合",290
869,I09M,風暴之力·凜風長弓,"[史詩]
- 傳奇至寶 武器 (弓箭) -
風帶來勝利的回想.
∴攻擊力+3000
∴敏捷 +225
∴攻擊速度 +10%
∴點擊使用 風神祝福
▣ 等級.70",580
870,I09L,火焰弓,"[普通]
- 武器 (弓箭) -
∴攻擊力+500
∴敏捷 +80
▣ 等級.60",74
871,I09K,靈魂追逐者,"[史詩]
- 鴻蒙起源 武器 (槍支) -
一顆追逐靈魂的神祕子彈
∴攻擊力+10500
∴敏捷 +845
∴智力 +425
∴攻擊速度 +45%
∴技能傷害 +17.5%
∴技能命中累積魂量
∴點擊使用 激活靈魂追逐
▣ 等級.100",921
872,I09J,暗影弓,"[普通]
- 武器 (弓箭) -
∴攻擊力+320
∴敏捷 +60
▣ 等級.50",53
873,I09H,冰霜弓,"[普通]
- 武器 (弓箭) -
∴攻擊力+200
∴敏捷 +38
▣ 等級.40",37
874,I09G,瑞文弓,"[魔力]
- 武器 (弓箭) -
∴攻擊力+650
∴敏捷 +85
∴攻擊時幾率觸發黑暗閃電
▣ 等級.50",61
875,I09F,急湧·怒海星穹,"[史詩]
- 鴻蒙起源 鎧甲 -
擁有星體力量的盔甲
∴護甲 +215
∴敏捷 +500
∴技能傷害 +15%
∴魔法抗性 +12%
∴每當釋放技能激活星怒
▣ 等級.100",923
876,I09E,火焰領主弓,"[魔力]
- 武器 (弓箭) -
∴攻擊力+850
∴敏捷 +105
∴攻擊時幾率觸發火之祝福
▣ 等級.60",81
877,I09D,劇毒弓,"[罕見]
- 武器 (弓箭) -
∴攻擊力+1000
∴敏捷 +170
∴攻擊時使敵人中毒，每10秒造成1500的額外傷害
▣ 等級.50",133
878,I09C,靈魂手套,"[史詩]
- 鴻蒙起源 首飾 -
你會和魔鬼聯手嗎?
∴攻擊力+3600
∴全屬性 +360, 主屬性 +120
∴技能傷害 +12%
∴所受傷害-9%
∴5秒觸發一次 造成下次攻擊附加惡魔之握強化
∴點擊使用 激活靈魂之火
▣ 等級.100",949
879,I09B,深海之弓,"[普通]
- 武器 (弓箭) -
∴攻擊力+120
∴敏捷 +25
▣ 等級.30",22
880,I09A,霜梟之戒,"[史詩]
- 神話傳說 首飾 -
永恆冰封的指環.
∴全屬性 +215
∴技能傷害 +5%
∴所受傷害-10%
▣ 等級.100",624
881,I099,極冰之牙,"[史詩]
- 神話傳說 首飾 -
精心設計冰牙飾品.
∴敏捷 +210
∴生命值 +750
∴技能傷害 +5%
∴攻擊時幾率造成目標護甲減少
▣ 等級.90",198
882,I098,死霧魔斧,"[史詩]
- 神話傳說 武器 (近戰) -
切割你的靈魂
∴攻擊力+5750
∴力量 +435
∴攻擊速度 -50%
∴致命一擊概率 +10%
∴點擊使用 8秒傷害和力量 提高
▣ 等級.90",204
883,I097,冬日的玫瑰,"[史詩]
- 神話傳說 首飾 -
孤獨的玫瑰指引勝利的道路.
∴護甲 +30
∴智力 +210
∴生命值 +750
∴攻擊時幾率 智力 提高
∴冰屬性/水屬性傷害+3%
▣ 等級.90",197
884,I096,雪紋,"[史詩]
- 神話傳說 武器 (法杖) -
冬日的冰雪凍結一切
∴攻擊力+3450
∴智力 +465
∴生命值 +1000
∴點擊使用 碎冰飛濺
∴冰屬性/水屬性傷害+3%
▣ 等級.90",205
885,I095,永恆·真理面具,"[史詩]
- 鴻蒙起源 頭盔 -
堅韌不拔的永恆面具
∴護甲 +150
∴主屬性 +300
∴技能傷害 +7.5%
∴15秒觸發一次真理之眼
▣ 等級.100",335
886,I094,參與討伐蜘蛛洞穴,"參與討伐蜘蛛洞穴.
▣ 等級.90",-1
887,I093,冰極天雪魂翼,"[史詩]
- 神話傳說 翅膀 -
只有冷漠才能帶來勝利
∴全屬性 +225
∴魔法抗性 +15%
∴周圍的敵人被減速
▣ 等級.100",625
888,I092,上古魔龍之心,"[史詩]
- 神話傳說 首飾 -
魔龍的心溢出無盡的生命之源.
∴智力 +335
∴生命值 +3000
∴周圍的友軍 移動速度和生命值恢復提升
∴點擊使用 龍之召喚
▣ 等級.100",638
889,I08X,遠古自然聖甲,"[史詩]
- 傳奇至寶 鎧甲 -
爲你提供守護的力量
∴護甲 +170
∴力量 +195
∴敏捷 +75
∴生命值很低時生命恢復速度得到暫時性大幅提高
▣ 等級.80",117
890,I08R,巫妖王之盔,"[史詩]
- 神話傳說 頭盔 -
凡人無法觸及我的身體 !!
∴護甲 +95
∴主屬性 +75
∴受到攻擊時幾率冰凍攻擊者
▣ 等級.90",196
891,I08Q,鎬頭,"[普通]
- 鎬頭 -
∴採礦速度: 10秒挖掘1次",382
892,I08P,黑暗水晶,"[史詩]
- 禁斷聖物 材料 -
∴點擊查看相關合成組合",272
893,I08O,冬日毛皮,"[魔力]
- 材料 -
∴點擊查看相關合成組合",43
894,I08N,紫水晶球,"[史詩]
- 禁斷聖物 材料 -
∴點擊查看相關合成組合",289
895,I08M,信仰·亞特蘭蒂斯的毀滅聖杖,"[史詩]
- 神話傳說 武器 (法杖) -
世界上唯一的真理就是力量.
∴攻擊力+4800
∴智力 +645
∴技能傷害 +6.5%
∴點擊使用 混沌爆破
▣ 等級.100",620
896,I08L,斬神·亞特蘭蒂斯的毀滅聖劍,"[史詩]
- 神話傳說 武器 (近戰) -
世界上唯一的真理就是力量.
∴攻擊力+5700
∴力量 +390
∴敏捷 +390
∴主屬性 +150
∴技能傷害 +6.5%
∴攻擊時幾率 觸發混沌爆破
▣ 等級.100",618
897,I08K,黑暗之翼,"[史詩]
- 神話傳說 材料 -
∴點擊查看相關合成組合",216
898,I08J,德瑞諾斯·深淵領主的戒指,"[史詩]
- 神話傳說 首飾 -
不要懼怕黑暗；否則，它會將你整個吞下
∴全屬性 +270
∴技能傷害 +7%
∴周圍的友軍 護甲 40 提高
▣ 等級.100",595
899,I08I,真·克雷提亞·聖光權杖,"[史詩]
- 傳奇至寶 武器 (法杖) -
你走的道路將永遠被幸福指引和保護
∴攻擊力+3800
∴智力 +475
∴技能傷害 +5%
∴點擊使用 聖光爆炸
▣ 等級.80",601
900,I08H,真·埃克斯米亞·不潔之刃,"[史詩]
- 傳奇至寶 武器 (近戰) -
享受戰爭，享受殺戮 !!
∴攻擊力+4250
∴敏捷 +430
∴技能傷害 +3.5%
∴攻擊時幾率觸發暗黑之擊
▣ 等級.80",585
901,I08G,真·卡拉菲米亞·神聖之劍,"[史詩]
- 傳奇至寶 武器 (近戰) -
給予邪惡正義的制裁
∴攻擊力+4800
∴力量 +400
∴技能傷害 +5%
∴攻擊時幾率觸發聖光之擊
▣ 等級.80",600
902,I08F,魔法之心·霜寒,"[史詩]
- 神話傳說 首飾 -
冰霜法力不斷湧出.
∴智力 +270
∴生命值 +3000
∴魔法值 +6000
∴魔法值恢復 +30
▣ 等級.90",592
903,I08E,巫妖王頭巾,"[史詩]
- 神話傳說 頭盔 -
凡人無法觸及我的身體 !!
∴護甲 +75
∴智力 +95
∴受到攻擊時幾率冰凍攻擊者
▣ 等級.90",599
904,I08D,寒冰雪衣,"[史詩]
- 神話傳說 鎧甲 -
愚蠢的人類，凍結吧.
∴護甲 +165
∴智力 +215
∴受到攻擊時幾率觸發霜寒護甲
▣ 等級.90",195
905,I08C,德里克斯·墮落魔甲,"[史詩]
- 傳奇至寶 鎧甲 -
享受破壞之力吧！
∴護甲 +140
∴力量 +150
∴敏捷 +150
∴技能傷害 +2.5%
▣ 等級.80",190
906,I08B,深淵指環,"[史詩]
- 傳奇至寶 首飾 -
墮入無盡黑暗.
∴全屬性 +175
∴技能傷害 +4%
▣ 等級.80",594
907,I08A,聖光之戒,"[史詩]
- 傳奇至寶 首飾 -
聖光與你同在
∴全屬性 +150
∴周圍的友軍 護甲 30 提高
▣ 等級.80",593
908,I089,神聖頭盔,"[史詩]
- 傳奇至寶 頭盔 -
你走的道路將永遠被幸福指引和保護
∴護甲 +80
∴主屬性 +50
∴生命值恢復 +25
∴4分鐘CD，主動使用觸發魔法免疫
▣ 等級.80",184
909,I088,神聖盔甲,"[史詩]
- 傳奇至寶 鎧甲 -
你走的道路將永遠被幸福指引和保護
∴護甲 +150
∴力量 +120
∴敏捷 +120
∴受到攻擊時幾率觸發防護盾
▣ 等級.80",183
910,I087,克雷提亞·聖光權杖,"[史詩]
- 傳奇至寶 武器 (法杖) -
你走的道路將永遠被幸福指引和保護
∴攻擊力+3000
∴智力 +360
∴點擊使用 聖光爆炸
▣ 等級.80",181
911,I086,埃克斯米亞·不潔之刃,"[史詩]
- 傳奇至寶 武器 (近戰) -
享受戰爭，享受殺戮 !!
∴攻擊力+3400
∴敏捷 +330
∴攻擊時有幾率觸發爆破打擊
▣ 等級.80",189
912,I085,卡拉菲米亞·神聖之劍,"[史詩]
- 傳奇至寶 武器 (近戰) -
給予邪惡正義的制裁
∴攻擊力+3600
∴力量 +300
∴攻擊時幾率觸發聖光之擊
▣ 等級.80",180
913,I084,元素頭巾,"[史詩]
- 傳奇至寶 頭盔 -
TD爸爸消失於衆人的目光中.
∴護甲 +60
∴智力 +80
∴點擊使用 觸發隱形
▣ 等級.70",161
914,I083,法皇之衣,"[史詩]
- 傳奇至寶 鎧甲 -
魔法只聽從法皇的召喚.
∴護甲 +120
∴智力 +170
∴5分鐘CD，主動使用觸發魔法免疫
▣ 等級.70",160
915,I082,大地權杖,"[史詩]
- 傳奇至寶 武器 (法杖) -
大地爲你提供守護
∴攻擊力+2100
∴智力 +270
∴點擊使用發動大地之怒
▣ 等級.70",581
916,I081,熾焱長劍,"[史詩]
- 傳奇至寶 武器 (近戰) -
我不認爲可以燃燒一切.
∴攻擊力+2850
∴力量 +210
∴攻擊時幾率激活火焰爆炸
▣ 等級.70",578
917,I080,雷霆之怒,"[史詩]
- 傳奇至寶 武器 (近戰) -
我會告訴你它控制閃電意味着什麼
∴攻擊力+2550
∴敏捷 +240
∴攻擊時幾率觸發閃電打擊
▣ 等級.70",579
918,I07Z,魔法之心,"[史詩]
- 傳奇至寶 首飾 -
法力源源不斷的湧出.
∴智力 +180
∴生命值 +1800
∴魔法值 +3600
∴魔法值恢復 +25
▣ 等級.70",591
919,I07Y,真·魔龍戰盔,"[史詩]
- 傳奇至寶 頭盔 -
在我面前也敢使用魔法?
∴護甲 +80
∴主屬性 +90
∴魔法抗性 +10%
∴5分鐘CD，主動使用觸發魔法免疫
▣ 等級.70",614
920,I07X,魔龍戰盔,"[史詩]
- 傳奇至寶 頭盔 -
在我面前也敢使用魔法?
∴護甲 +65
∴主屬性 +40
∴魔法抗性 +7.5%
∴8分鐘CD，主動使用觸發魔法免疫
▣ 等級.70",172
921,I07W,真·魔龍護甲,"[史詩]
- 傳奇至寶 鎧甲 -
別懼怕戰爭，你就是殺戮之王！.
∴護甲 +165
∴力量 +140
∴敏捷 +140
∴生命值恢復 +50
▣ 等級.70",613
922,I07V,微弱魔法之心,"[史詩]
- 傳奇至寶 首飾 -
法力源源不斷的湧出.
∴智力 +120
∴生命值 +1500
∴魔法值 +3000
∴魔法值恢復 +20
▣ 等級.70",590
923,I07U,魔龍護甲,"[史詩]
- 傳奇至寶 鎧甲 -
別懼怕戰爭，你就是殺戮之王！.
∴護甲 +130
∴力量 +100
∴敏捷 +100
∴生命值恢復 +20
▣ 等級.70",171
924,I07T,上古魔龍之杖,"[史詩]
- 傳奇至寶 武器 (法杖) -
你極其渴望得到強大的力量！.
∴攻擊力+2500
∴智力 +260
∴點擊使用 魔龍之能
▣ 等級.70",169
925,I07S,真·萊恩哈特·魔龍之劍,"[史詩]
- 傳奇至寶 武器 (近戰) -
你極其渴望得到強大的力量！.
∴攻擊力+4300
∴力量 +270
∴技能傷害 +4%
∴攻擊時幾率觸發魔龍打擊
▣ 等級.70",610
926,I07R,萊恩哈特·魔龍之劍,"[史詩]
- 傳奇至寶 武器 (近戰) -
你極其渴望得到強大的力量！.
∴攻擊力+3200
∴力量 +190
∴攻擊時幾率觸發魔龍打擊
▣ 等級.70",167
927,I07Q,真·上古魔龍之杖,"[史詩]
- 傳奇至寶 武器 (法杖) -
你極其渴望得到強大的力量！.
∴攻擊力+3300
∴智力 +390
∴技能傷害 +5%
∴點擊使用 真·魔龍之能
▣ 等級.70",612
928,I07P,傑克頭巾 +1,"[史詩]
- 傳奇至寶 頭盔 -
萬聖節快樂 ~
∴護甲 +60
∴智力 +95
∴生命值恢復 +15
∴魔法值恢復 +15
▣ 等級.60",589
929,I07O,傑克頭盔,"[史詩]
- 傳奇至寶 頭盔 -
萬聖節快樂 ~
∴護甲 +60
∴力量 +50
∴敏捷 +60
∴生命值恢復 +15
∴魔法值恢復 +15
▣ 等級.60",152
930,I07N,傑克頭盔 +1,"[史詩]
- 傳奇至寶 頭盔 -
萬聖節快樂 ~
∴護甲 +75
∴力量 +65
∴敏捷 +80
∴生命值恢復 +20
∴魔法值恢復 +15
▣ 等級.60",588
931,I07M,傑克頭巾,"[史詩]
- 傳奇至寶 頭盔 -
萬聖節快樂 ~
∴護甲 +50
∴智力 +75
∴生命值恢復 +15
∴魔法值恢復 +15
▣ 等級.60",153
932,I07L,伯爵法衣,"[罕見]
- 鎧甲 -
∴護甲 +75
∴智力 +130
▣ 等級.60",146
933,I07K,伯爵護甲,"[罕見]
- 鎧甲 -
∴護甲 +90
∴力量 +90
∴敏捷 +90
▣ 等級.60",145
934,I07J,葬禮· 統治血劍,"[史詩]
- 傳奇至寶 武器 (近戰) -
放棄吧，愚蠢的人類！.
∴攻擊力+3000
∴敏捷 +250
∴攻擊時附帶10%吸血 (最高400)
▣ 等級.60",616
935,I07I,伯爵的靈魂血劍,"[史詩]
- 傳奇至寶 武器 (近戰) -
放棄吧，愚蠢的人類！.
∴攻擊力+2400
∴敏捷 +200
∴攻擊時附帶10%吸血 (最高250)
▣ 等級.60",143
936,I07H,伯爵的戒指,"[罕見]
- 首飾 -
∴全屬性 +50
∴生命值 +1200
∴魔法值 +1200
▣ 等級.60",148
937,I07G,伯爵的靈魂碎片,"[史詩]
- 傳奇至寶 材料 -
∴點擊查看相關合成組合",150
938,I07F,華爾茲幻想,"[史詩]
- 鴻蒙起源 武器 (近戰) -
我唯一的夥伴
∴攻擊力+12000
∴力量 +700
∴敏捷 +700
∴主屬性 +350
∴技能傷害 +15%
∴攻擊時幾率激活影子刀刃
∴點擊使用 激活幻想
▣ 等級.100",920
939,I07E,猩紅頭盔,"[罕見]
- 頭盔 -
∴護甲 +60
∴主屬性 +55
▣ 等級.60",147
940,I07D,虛空翅膀,"[史詩]
- 鴻蒙起源 翅膀 -
只有虛空之神才能駕馭這種無窮的力量
∴全屬性 +425
∴技能傷害 +12%
∴持續傷害+15%
∴直接命中目標時激活衰敗
∴點擊使用 激活虛空爆炸
▣ 等級.100",931
941,I07C,虛空回聲,"[史詩]
- 鴻蒙起源 頭盔 -
我注視着深淵，深淵也會注視着我
∴護甲 +140
∴力量 & 敏捷 +240
∴智力 +340
∴暗屬性 +7.5%
∴技能連續命中時觸發恐怖幻擊
∴點擊使用 黃泉迴旋擊
▣ 等級.100",948
942,I07B,拉克夏·劇毒衛冕之劍,"[罕見]
- 武器 (近戰) -
∴攻擊力+1650
∴敏捷 +170
∴技能傷害 +5%
∴攻擊時使敵人中毒，每10秒造成2500的額外傷害
▣ 等級.50",570
943,I07A,劇毒法杖,"[罕見]
- 武器 (法杖) -
∴攻擊力+800
∴智力 +200
∴攻擊時使敵人中毒，每10秒造成1500的額外傷害
▣ 等級.50",132
944,I079,聖燁·末日序曲,"[史詩]
- 鴻蒙起源 武器 (法杖) -
擁抱新世界.
∴攻擊力+10800
∴智力 +940
∴技能傷害 +13%
∴暗屬性 +6%
∴每當釋放技能觸發噩夢打擊
∴點擊使用 啓動末日之歌
▣ 等級.100",934
945,I078,聖潔·心靈視界,"[史詩]
- 鴻蒙起源 武器 (通用) -
充滿終極智慧
∴攻擊力+7200
∴全屬性 +760
∴魔法抗性 +12%
∴光屬性 +12%
∴激活治療盟友的永恆祝福
∴點擊使用 激活聖潔心靈
▣ 等級.100",935
946,I077,劇毒劍,"[罕見]
- 武器 (近戰) -
∴攻擊力+1200
∴主屬性 +140
∴攻擊時使敵人中毒，每10秒造成1500的額外傷害
▣ 等級.50",131
947,I076,吞噬者,"[史詩]
- 鴻蒙起源 翅膀 -
天啊，你的血都流出來了。!
∴全屬性 +300
∴主屬性 +250
∴技能傷害 +12%
∴魔法抗性 +9%
∴戰鬥狀態時激活流動血液
∴點擊使用 激活靈魂吞噬
▣ 等級.100",933
948,I075,劇毒頭盔,"[罕見]
- 頭盔 -
∴護甲 +48
∴主屬性 +45
▣ 等級.50",137
949,I074,劇毒盔甲,"[罕見]
- 鎧甲 -
∴護甲 +80
∴力量 +70
∴敏捷 +70
▣ 等級.50",135
950,I073,劇毒戒指,"[罕見]
- 首飾 -
∴全屬性 +40
∴生命值 +1000
∴魔法值 +1000
▣ 等級.50",138
951,I072,劇毒法衣,"[罕見]
- 鎧甲 -
∴護甲 +60
∴智力 +110
▣ 等級.50",136
952,I06X,霜魂聖器,"[史詩]
- 神話傳說 材料 -
∴點擊查看相關合成組合",199
953,I06W,黑暗物質,"[史詩]
- 神話傳說 材料 -
∴點擊查看相關合成組合",215
954,I06V,上古遺篇,"[史詩]
- 傳奇至寶 材料 -
∴點擊查看相關合成組合",164
955,I06U,惡魔聖典,"[史詩]
- 傳奇至寶 材料 -
∴點擊查看相關合成組合",193
956,I06T,聖經殘卷,"[史詩]
- 傳奇至寶 材料 -
∴點擊查看相關合成組合",186
957,I06S,墮落羽毛靈片,"[史詩]
- 傳奇至寶 材料 -
∴點擊查看相關合成組合",192
958,I06R,神聖羽毛靈片,"[史詩]
- 傳奇至寶 材料 -
∴點擊查看相關合成組合",185
959,I06Q,巨龍鱗片,"[史詩]
- 傳奇至寶 材料 -
∴點擊查看相關合成組合",174
960,I06P,巨龍遺骨,"[史詩]
- 傳奇至寶 材料 -
∴點擊查看相關合成組合",173
961,I06O,巨龍之心,"[史詩]
- 傳奇至寶 材料 -
∴點擊查看相關合成組合",175
962,I06M,混沌精華,"[史詩]
- 鴻蒙起源 材料 -
∴點擊查看相關合成組合",357
963,I06K,冰霜織網,"[史詩]
- 神話傳說 材料 -
∴點擊查看相關合成組合",200
964,I06J,血精石,"[史詩]
- 傳奇至寶 材料 -
∴點擊查看相關合成組合",149
965,I06I,九頭蛇的鱗片,"[罕見]
- 材料 -
∴點擊查看相關合成組合",140
966,I06H,臨獄·巨龍號角,"[史詩]
- 鴻蒙起源 頭盔 -
感受龍的力量.
∴護甲 +120
∴主屬性 +125, 全屬性 +190
∴技能傷害 & 致命一擊概率 +18%
∴所受傷害+15%
∴3000移動距離後下次攻擊觸發巨龍吐息
▣ 等級.100",914
967,I06F,封印枷鎖聖器,"[特殊物品]
法師們所封印的神祕武器,使用它的人能獲得極大的法力-這不是解印就能獲得的,往往取決於聖器是否選擇了你.",159
968,I06E,生命石,"[史詩]
- 傳奇至寶 首飾 -
充斥生命本質的魔法石
∴全屬性 +200
∴攻擊速度 +15%
∴死亡時復活
▣ 等級.80",120
969,I06D,守護者,"[史詩]
- 傳奇至寶 鎧甲 -
一個經過考驗的守護者
∴護甲 +155
∴力量 +75
∴敏捷 +210
∴8秒觸發一次 900點傷害吸收量的護盾
▣ 等級.80",118
970,I06B,第1次聖戰,"[書籍]
作者：佚名",-1
971,I06A,叛變的魔法士,[書籍] |n作者：一位魔法士,-1
972,I069,萬聖節盛會,"[書籍]
作者：普瑞斯的公民",-1
973,I068,九頭蛇的毒牙,"[罕見]
- 材料 -
∴點擊查看相關合成組合",139
974,I067,冬之淚·冰極天雪劍,"[史詩]
- 神話傳說 武器 (近戰) -
被遺忘的冰霜天雪劍.
∴攻擊力+5100
∴力量 +465
∴敏捷 +450
∴每8次攻擊觸發寒氣之擊
▣ 等級.90",203
975,I066,深寒洞穴,"[書籍]
作者：普瑞斯魔導士",-1
976,I062,祕銀,"[史詩]
- 傳奇至寶 材料 -
∴點擊查看相關合成組合",163
977,I061,精金石,"[史詩]
- 神話傳說 材料 -
∴點擊查看相關合成組合",207
978,I060,奧哈利康,"[史詩]
- 傳奇至寶 材料 -
∴點擊查看相關合成組合",156
979,I05Z,凌霜冰魄,[書籍] |n作者：一位魔法士,-1
980,I05Y,海洋秩序,"[書籍]
作者：某船長",-1
981,I05X,祕銀鎬,"[史詩]
- 傳奇至寶 鎬頭 -
∴採礦速度: 8秒挖掘1次",383
982,I05W,火焰領主法杖,"[魔力]
- 武器 (法杖) -
∴攻擊力+650
∴智力 +130
∴攻擊時幾率觸發火之祝福
▣ 等級.60",80
983,I05U,火焰領主劍,"[魔力]
- 武器 (近戰) -
∴攻擊力+1050
∴主屬性 +85
∴攻擊時幾率觸發火之祝福
▣ 等級.60",79
984,I05S,瑞文法杖,"[魔力]
- 武器 (法杖) -
∴攻擊力+500
∴智力 +100
∴攻擊時幾率觸發黑暗閃電
▣ 等級.50",60
985,I05R,瑞文劍,"[魔力]
- 武器 (近戰) -
∴攻擊力+800
∴主屬性 +65
∴攻擊時幾率觸發黑暗閃電
▣ 等級.50",59
986,I05Q,自然精粹,"[史詩]
- 鴻蒙起源 材料 -
∴點擊查看相關合成組合",330
987,I05P,墮落灰燼,"[史詩]
- 鴻蒙起源 材料 -
∴點擊查看相關合成組合",332
988,I05K,靈魂之燈,"[史詩]
- 鴻蒙起源 材料 -
∴點擊查看相關合成組合",342
989,I05H,詛咒之魂,"[史詩]
- 鴻蒙起源 材料 -
∴點擊查看相關合成組合",343
990,I05G,神聖玫瑰,"[史詩]
- 鴻蒙起源 首飾 -
充滿神聖屬性的玫瑰
∴智力 +550
∴生命值 +2000
∴技能傷害 +7.5%
∴冰屬性/水屬性+7.5%
∴風屬性 +7.5%
∴在治療或保護盟友時，激活神聖保護
∴使用時，激活聖光之源
▣ 等級.100",927
991,I05F,火焰頭盔,"[普通]
- 頭盔 -
∴護甲 +35
∴主屬性 +25
▣ 等級.60",78
992,I05E,神華·猩紅之箭,"[史詩]
- 鴻蒙起源 武器 (弓箭) -
每支箭都唱着猩紅之曲
∴攻擊力+13000
∴力量 +500
∴敏捷 +1050
∴攻擊速度 +40%
∴技能傷害 +5%
∴攻擊時發動血腥之擊
∴攻擊時激活血色烙印
▣ 等級.100",963
993,I05D,火焰法杖,"[普通]
- 武器 (法杖) -
∴攻擊力+400
∴智力 +95
▣ 等級.60",73
994,I05C,火焰劍,"[普通]
- 武器 (近戰) -
∴攻擊力+600
∴主屬性 +60
▣ 等級.60",72
995,I059,火焰法衣,"[普通]
- 鎧甲 -
∴護甲 +45
∴智力 +50
▣ 等級.60",77
996,I058,神聖的城堡,[書籍] |n作者：佚名,-1
997,I057,混沌天空,"[書籍]
作者：著名的普瑞斯雕塑家",-1
998,I056,古堡教堂的異常,"[書籍]
作者：一位魔法士",-1
999,I051,進入阿瓦隆城堡,"阿瓦隆城堡的入口.
▣ 等級.80",-1
1000,I050,船票 - 瓦幾內拉帝國,"[船票]
瓦幾內拉帝國是個陰森恐怖的地方，當然你想去，買票就可以去看看~.
▣需求等級: 50
▣推薦等級: 50~60",-1
1001,I04Z,船票 - 冰山雪地,"[船票]
冰山雪地太冷了，不想去..
▣需求等級: 40
▣推薦等級: 40~50",-1
1002,I04Y,遠古遺物,"[史詩]
- 鴻蒙起源 材料 -
∴點擊查看相關合成組合",358
1003,I04X,紅色魔法石,"[召喚類物品]
用於召喚多種召喚類BOSS的材料.

地點: 熔岩火山, 魔法石礦 (需要魔淵之鎬及以上級別的鎬頭)",389
1004,I04W,綠色魔法石,"[召喚類物品]
用於召喚多種召喚類BOSS的材料.

地點: 遠古祕境, 魔法石礦 (需要魔淵之鎬及以上級別的鎬頭)",390
1005,I04V,藍色魔法石,"[召喚類物品]
用於召喚多種召喚類BOSS的材料.

地點: 冰山雪地, 魔法石礦 (需要魔淵之鎬及以上級別的鎬頭)",387
1006,I04U,白色魔法石,"[召喚類物品]
用於召喚多種召喚類BOSS的材料.

地點: 瓦幾內拉帝國, 魔法石礦 (需要魔淵之鎬及以上級別的鎬頭)",388
1007,I04T,合成,"準備好材料在這裏合成吧.
◎ 可合成物品：白色粉末/綠色粉末/藍色粉末/紅色粉末，深海凝萃/火靈凝萃/風靈凝萃",-1
1008,I04H,傳奇坐騎·九霄至尊,"[收藏品]
傳說中的九霄至尊.",409
1009,I04E,變更週年慶服裝,改變可以使用的服裝.,-1
1010,I04D,紅色閃耀光環,[收藏品],441
1011,I04C,幼小幽靈魔術棒 2,"[收藏品]
召喚小跟班幼小幽靈.",-1
1012,I049,火焰盔甲,"[普通]
- 鎧甲 -
∴護甲 +60
∴力量 +40
∴敏捷 +40
▣ 等級.60",76
1013,I046,暗影頭盔,"[普通]
- 頭盔 -
∴護甲 +30
∴主屬性 +20
▣ 等級.50",56
1014,I045,暗影法杖,"[普通]
- 武器 (法杖) -
∴攻擊力+240
∴智力 +70
▣ 等級.50",52
1015,I044,暗影劍,"[普通]
- 武器 (近戰) -
∴攻擊力+400
∴主屬性 +45
▣ 等級.50",50
1016,I041,暗影法衣,"[普通]
- 鎧甲 -
∴護甲 +38
∴智力 +40
▣ 等級.50",55
1017,I040,暗影盔甲,"[普通]
- 鎧甲 -
∴護甲 +50
∴力量 +32
∴敏捷 +32
▣ 等級.50",54
1018,I03Z,伯爵的鮮血之戒,"[史詩]
- 傳奇至寶 首飾 -
∴全屬性 +100
∴生命值 +1500
∴魔法值 +1500
∴點擊使用 觸發自身生命值30% 恢復 (CD: 45秒)
▣ 等級.60",617
1019,I03Y,挑戰者藥水,"[鍊金藥劑]
使用時解除負面狀態，並恢復60%生命值.

懲罰: 最終傷害降低10%.",-1
1020,I03L,冰霜頭盔,"[普通]
- 頭盔 -
∴護甲 +22
∴主屬性 +15
▣ 等級.40",41
1021,I03K,冰霜劍,"[普通]
- 武器 (近戰) -
∴攻擊力+250
∴主屬性 +30
▣ 等級.40",35
1022,I03I,冰霜盔甲,"[普通]
- 鎧甲 -
∴護甲 +40
∴力量 +24
∴敏捷 +24
▣ 等級.40",39
1023,I03H,冰霜法杖,"[普通]
- 武器 (法杖) -
∴攻擊力+150
∴智力 +45
▣ 等級.40",36
1024,I03F,冰霜法衣,"[普通]
- 鎧甲 -
∴護甲 +30
∴智力 +30
∴魔法值 +200
▣ 等級.30",40
1025,I03C,深海頭盔,"[普通]
- 頭盔 -
∴護甲 +15
∴主屬性 +10
▣ 等級.30",26
1026,I03B,深海護甲,"[普通]
- 鎧甲 -
∴護甲 +32
∴力量 +17
∴敏捷 +17
▣ 等級.30",24
1027,I039,深海法衣,"[普通]
- 鎧甲 -
∴護甲 +22
∴智力 +22
∴魔法值 +150
▣ 等級.30",25
1028,I038,深海法杖,"[普通]
- 武器 (法杖) -
∴攻擊力+90
∴智力 +30
▣ 等級.30",21
1029,I02Z,烏洛沃洛斯之環,"[史詩]
- 鴻蒙起源 翅膀 -
有故事的吞噬之蛇
∴全屬性 +450
∴攻擊速度 +15%
∴技能傷害 +20%
∴移動速度 +50
∴點擊使用 無限攻擊
∴每當釋放技能幾率觸發迴歸打擊
▣ 等級.100",970
1030,I02Y,虛空殘鎖甲,"[史詩]
- 鴻蒙起源 鎧甲 -
沉默呼喚，遺忘的回應
∴護甲 +240
∴敏捷 +550
∴移動速度 +50
∴技能傷害 +18%
∴戰鬥狀態時疊加虛空氣息
∴點擊使用 歐比斯制動打擊
▣ 等級.100",957
1031,I02X,阿尼姆斯靈魂法衣,"[史詩]
- 鴻蒙起源 鎧甲 -
數以萬計命運編織的衣服
∴護甲 +240
∴智力 +650
∴移動速度 +50
∴技能傷害 +20%
∴戰鬥狀態時創建靈魂之環
∴點擊使用 調整靈魂之環半徑
▣ 等級.100",958
1032,I02W,遠古機器魔石,"[史詩]
- 鴻蒙起源 硬幣品級 -",338
1033,I02V,赤紅骷髏,"[史詩]
- 鴻蒙起源 材料 -
∴點擊查看相關合成組合",341
1034,I02U,卡梅爾魔石,"[史詩]
- 鴻蒙起源 硬幣品級 -",350
1035,I02T,世界傳奇徽章,[收藏品],515
1036,I02S,阿加雷斯 徽章,[收藏品],321
1037,I02R,五蘊·智慧揹包,"[史詩]
- 鴻蒙起源 武器 (揹包) -
可以選擇自己想裝的東西的奇妙揹包
∴攻擊力+8000
∴全屬性 +750
∴恢復量 +15%
∴魔法抗性 +15%
∴點擊使用 投擲禁忌藥劑
▣ 等級.100",966
1038,I02Q,船票 - 魚人沙灘,"[船票]
普瑞斯都城是個美麗的地方.
▣需求等級: 30",-1
1039,I02M,深海之劍,"[普通]
- 武器 (近戰) -
∴攻擊力+150
∴主屬性 +20
▣ 等級.30",20
1040,I02E,雷神徽章,[收藏品],305
1041,I02D,伊夫利特徽章,[收藏品],310
1042,I02B,蛋糕,"[食物]
|CFFFFDEAD附上奶油的高品質櫻桃味奶油蛋糕
∴生命值恢復 +1500",-1
1043,I02A,阿特麗西亞·夢魘之劍,"[史詩]
- 鴻蒙起源 武器 (近戰) -
我將成爲你的噩夢.
∴攻擊力+11000
∴力量 +610
∴敏捷 +780
∴技能傷害 +10%
∴致命一擊概率 +10%
∴每當釋放技能將激活夢魘斬強化下一次攻擊
∴點擊使用 激活夢魘終結者
▣ 等級.100",897
1044,I029,烤麪包,"[食物]
剛剛烤好的焦黃焦黃的方塊麪包
∴生命值恢復 +1200",-1
1045,I028,蕩華·淨罪之冠,"[史詩]
- 鴻蒙起源 頭盔 -
使你頭腦變得透徹
∴護甲 +135
∴全屬性 +290
∴致命一擊概率 +10%
∴風屬性 +10%
∴冰屬性/水屬性+6%
∴光屬性 +6%
∴治療友軍時幾率觸發寧靜
∴使用觸發光羽打擊
▣ 等級.100",891
1046,I027,戰吼·疾空風衣,"[史詩]
- 冥靈傳世 鎧甲 -
感受天怒!
∴護甲 +200
∴智力 +390
∴移動速度 +50
∴技能傷害 +12%
∴戰鬥狀態時激活閃電
▣ 等級.100",883
1047,I025,森林之王,[任務需求] |n巨魔領主是這個區域最強的存在，擊殺它證明自己吧 |n◎ 巨魔領主尖牙或者皮 1個採集,-1
1048,I020,烈日,"[史詩]
- 鴻蒙起源 武器 (近戰) -
永遠無法撲滅的火焰
∴攻擊力+12000
∴力量 +950
∴技能傷害 +15%
∴持續傷害+10%
∴火焰傷害 +7.5%
∴3秒觸發一次下次攻擊獲得烈日強化
∴點擊使用 激活超新星
▣ 等級.100",881
1049,I01Z,聖愈·生命之袍,"[史詩]
- 鴻蒙起源 鎧甲 -
大自然母親包容一切.
∴護甲 +260
∴主屬性 +370
∴技能傷害 +7.5%
∴點擊使用 恢復
▣ 等級.100",329
1050,I01Y,暗影甲冑,"[史詩]
- 鴻蒙起源 鎧甲 -
所有的影子都會在你的意志面前彎曲
∴護甲 +300
∴全屬性 +400
∴魔法抗性 +10%
∴暗屬性 +5%
∴裝備時發動暗影領主權能
∴點擊使用 影子橫掃
▣ 等級.100",955
1051,I01X,高潔魂靈之戒,"[史詩]
- 鴻蒙起源 首飾 -
戒指注入高貴的靈魂
∴主屬性 +700
∴攻擊速度 +40%
∴技能傷害 +23%
∴生命值恢復 +120
∴魔法值恢復 +60
∴每當釋放技能激活光輝之擊
∴點擊使用 激活荒蕪
▣ 等級.100",953
1052,I01W,黎明甲冑,"[史詩]
- 鴻蒙起源 鎧甲 -
受到月光永恆守護的盔甲
∴護甲 +300
∴力量 +600
∴技能傷害 +20%
∴每當釋放技能召喚月光之倫
∴點擊使用 黎明決心之擊
▣ 等級.100",954
1053,I01V,混世·惡魔面具,"[史詩]
- 鴻蒙起源 頭盔 -
與惡魔戰鬥足夠長的時間，你就會發現自己也變成了惡魔.
∴護甲 +170
∴力量 +375
∴敏捷 +350
∴技能傷害 +5%
∴攻擊傷害+15%
∴攻擊時激活惡魔之炎
∴點擊使用 激活惡魔形態
▣ 等級.100",946
1054,I01U,收割者的面具,"[史詩]
- 鴻蒙起源 頭盔 -
充滿恐懼的面具
∴護甲 +140
∴敏捷 +400
∴生命值 +2000
∴技能傷害 +14%
∴致命一擊概率 +12%
∴攻擊時激活收割者之眼
▣ 等級.100",937
1055,I01T,毀滅之眼,"[史詩]
- 鴻蒙起源 頭盔 -
一切終將歸於虛無.
∴護甲 +140
∴全屬性 +225
∴主屬性 +150
∴技能傷害 & 致命一擊概率 +20%
∴所受傷害+15%
∴3000移動距離後，下次攻擊激活湮滅
▣ 等級.100",952
1056,I01S,神聖庇護,"[史詩]
- 鴻蒙起源 鎧甲 -
神聖保佑的法衣
∴護甲 +250
∴智力 +500
∴生命值 +2500
∴光屬性 +5%
∴周圍的友軍 技能傷害 12% & 魔法抗性 10%提升
∴點擊使用 救濟
▣ 等級.100",945
1057,I01R,真·阿特里西亞·夢幻之劍,"[史詩]
- 冥靈傳世 武器 (近戰) -
我帶你走向永恆的夢境.
∴攻擊力+10400
∴力量 +610, 敏捷 +700
∴技能傷害 & 致命一擊概率 +9%
∴每當釋放技能 造成下次攻擊強化
∴點擊使用 激活虛幻夢境
▣ 等級.100",944
1058,I01Q,預言·禁忌的真理,"[史詩]
- 鴻蒙起源 頭盔 -
你有勇氣面對真相嗎?
∴護甲 +130
∴智力 +450
∴魔法值 +2500
∴技能傷害 +15%
∴週期性激活禁忌
∴點擊使用 激活禁忌真理
▣ 等級.100",947
1059,I01P,神聖血甲,"[史詩]
- 鴻蒙起源 鎧甲 -
用神聖的精髓打磨的真甲冑
∴護甲 +300
∴全屬性 +500
∴移動速度 +50
∴技能傷害 +15%
∴所受傷害-10%
∴所有屬性 +5%
∴每當釋放技能觸發神聖之血打擊
∴點擊使用 神聖之怒
▣ 等級.100",956
1060,I01O,暗黑匕首,"[史詩]
- 鴻蒙起源 武器 (近戰) -
終結所有生命的匕首
∴攻擊力+10500
∴敏捷 +1100
∴致命一擊倍率 +0.60x
∴技能傷害 +8%
∴普通攻擊時，激活暮光之城
▣ 等級.100",941
1061,I01N,自由·魂靈之翼,"[史詩]
- 鴻蒙起源 翅膀 -
嚮往自由的飛翼
∴智力 +490
∴生命值 +2000
∴魔法值 +5000
∴技能傷害 +20%
∴冰屬性/水屬性+10%
∴每當釋放技能時召喚靈魂碎片
∴施放大招時，激活靈魂潮汐
▣ 等級.100",940
1062,I01M,創世之戒,"[史詩]
- 鴻蒙起源 首飾 -
戒指充滿了所有生命的起源
∴全屬性 +525
∴技能傷害 +17.5%
∴造成傷害時將有幾率 30%的額外傷害
∴施放技能時有概率在5秒內提升7.5%最終傷害
∴施放終極技能時10秒內技能傷害強化5%
∴在受到攻擊時有概率激活絕對守護
▣ 等級.100",939
1063,I01L,神之紋,"[史詩]
- 鴻蒙起源 武器 (弓箭) -
原始力量在這把弓內湧動
∴攻擊力+11500
∴敏捷 +900
∴生命值 +2000
∴技能傷害 +20%
∴7.5秒觸發一次光之武
∴點擊使用 光之轟擊
▣ 等級.100",942
1064,I01K,真·皓月醉影之劍,"[史詩]
- 鴻蒙起源 武器 (近戰) -
想擁有無限的力量？那麼請支配它吧！ ..
∴攻擊力+10800
∴力量 +600
∴敏捷 +600
∴主屬性 +320
∴技能傷害 +15%
∴攻擊時幾率 真·觸發混沌爆破
▣ 等級.100",951
1065,I01J,叢林守護者,"[史詩]
- 鴻蒙起源 頭盔 -
頭盔融入了宏大的自然精神
∴護甲 +160
∴主屬性 +340
∴所受傷害-15%
∴自然屬性+7.5%
∴行走時召喚生命的種子
∴點擊使用 激活守護者的意志
▣ 等級.100",925
1066,I01I,靈魂火把,"[史詩]
- 鴻蒙起源 武器 (法杖) -
化爲灰燼.
∴攻擊力+7000
∴智力 +1000
∴攻擊速度 +35%
∴技能傷害 +15%
∴火焰傷害 +15%
∴暗屬性 +7.5%
∴12秒觸發一次靈魂火焰
▣ 等級.100",943
1067,I01H,魔靈·邪惡之戒,"[史詩]
- 鴻蒙起源 首飾 -
你能感覺到惡毒如匕首
∴主屬性 +675
∴技能傷害 +15%
∴致命一擊倍率 +0.15x
∴移動速度 +50
∴對boss的技能暴擊激活靈魂收割
∴攻擊傷害生命值低於50%的boss單位時激活惡意
▣ 等級.100",928
1068,I01G,尖牙項鍊,"[魔力]
- 首飾 -
∴主屬性 +10
∴移動速度 +50
▣ 等級.20",6
1069,I01F,叢林法衣,"[普通]
- 鎧甲 -
∴護甲 +18
∴智力 +18
∴魔法值 +100
▣ 等級.20",11
1070,I01E,橡樹幸運果實,"[普通]
- 首飾 -
∴生命值恢復 +5
▣ 等級.1",566
1071,I01D,遠古樹葉花冠,"[魔力]
- 頭盔 -
∴護甲 +15
∴全屬性 +15
∴生命值恢復 +5
∴魔法值恢復 +5
▣ 等級.20",565
1072,I01C,叢林頭盔,"[普通]
- 頭盔 -
∴護甲 +12
∴全屬性 +8
▣ 等級.20",10
1073,I01B,狂戰士面具,"[普通]
- 頭盔 -
∴護甲 +10
∴主屬性 +5
∴攻擊速度 +10%
▣ 等級.10",5
1074,I01A,命宇·創世之焰,"[史詩]
- 鴻蒙起源 首飾 -
點燃創世之火的第一個火種
∴全屬性 +550
∴攻擊速度 +25%
∴技能傷害 +15%
∴火焰傷害 +5%
∴每當釋放技能觸發創世之火焰
∴點擊使用 釋放創世火焰
▣ 等級.100",890
1075,I019,飲血·祭品長袍,"[史詩]
- 鴻蒙起源 鎧甲 -
已被鮮血淨化。
∴護甲 +225
∴智力 +480
∴移動速度 +50
∴技能傷害 +15%
∴戰鬥狀態時激活血之指環
∴點擊使用 調整血之指環的半徑
▣ 等級.100",886
1076,I018,弗羅斯特先驅的衣服,"[史詩]
- 鴻蒙起源 鎧甲 -
世界將被暴風雪覆蓋
∴護甲 +235
∴智力 +505
∴生命值 +1500
∴技能傷害 +10%
∴魔法抗性 +10%
∴冰屬性/水屬性+5%
∴裝備時，啓用冰霜光環
∴點擊使用 召喚冰霜先驅
▣ 等級.100",888
1077,I017,大德魯伊長袍,"[史詩]
- 鴻蒙起源 鎧甲 -
古代精靈附身的法衣
∴護甲 +250
∴主屬性 +450
∴魔法抗性 +15%
∴冰屬性/水屬性+5%
∴風屬性 +5%
∴友軍恢復觸發自然之握
∴點擊使用 釋放遠古精靈
▣ 等級.100",887
1078,I016,遠古樹葉,"[魔力]
- 材料 -
∴點擊查看相關合成組合",14
1079,I015,終式·審判之矛,"[史詩]
- 鴻蒙起源 武器 (近戰) -
審判時刻已到!
∴攻擊力+10800
∴力量 +800
∴技能傷害 +14%
∴每當釋放技能 有幾率觸發審判
∴點擊使用 最終裁決
▣ 等級.100",879
1080,I014,涅槃·猩紅玫瑰,"[史詩]
- 鴻蒙起源 首飾 -
爲了這朵美麗的玫瑰綻放，付出了許多犧牲.
∴主屬性 +420
∴技能傷害 +8%
∴持續傷害+15%
∴點擊使用 死亡與衰敗
▣ 等級.100",323
1081,I013,巨魔之血,"[魔力]
- 材料 -
∴點擊查看相關合成組合",7
1082,I012,守護天使羽翼,"[史詩]
- 鴻蒙起源 翅膀 -
保護盟友的翅膀
∴全屬性 +300
∴魔法抗性 +12%
∴裝備時激活守護光環
∴點擊使用 守護天使
▣ 等級.100",896
1083,I011,火之靈石,"[魔力]
- 材料 -
∴點擊查看相關合成組合",353
1084,I00X,獨尊·喧囂血翼,"[史詩]
- 鴻蒙起源 翅膀 -
強者的象徵 ! 差距就是死亡的開始.
∴攻擊力+1500
∴主屬性 +180
∴全屬性 +150
∴致命一擊倍率 +0.30x
∴每當釋放技能 6秒 技能傷害和致命一擊概率 5% 提高
∴點擊使用 血之風暴
▣ 等級.100",895
1085,I00W,無盡·慾望斗篷,"[史詩]
- 鴻蒙起源 翅膀 -
這種無盡的慾望只能用更多的慾望來滿足.
∴全屬性 +280
∴生命值 +2000
∴技能傷害 +7.5%
∴移動速度 +50
∴400碼移動距離時下次攻擊獲得血腥之咬強化
∴點擊使用 無盡慾望
▣ 等級.100",894
1086,I00V,命宇·腐朽印章,"[史詩]
- 鴻蒙起源 首飾 -
無數無辜的靈魂被犧牲來創造這個物品.
∴力量 +470
∴智力 +430
∴技能傷害 +12%
∴持續傷害+15%
∴暗屬性 +4%
∴戰鬥狀態時激活腐朽
∴點擊使用 腐朽之手
▣ 等級.100",893
1087,I00U,橡樹炮彈,"[魔力]
- 首飾 -
∴全屬性 +5
∴生命值恢復 +5
∴點擊使用 投擲橡樹炮彈
▣ 等級.5",567
1088,I00T,叢林盔甲,"[普通]
- 鎧甲 -
∴護甲 +25
∴力量 +12
∴敏捷 +12
▣ 等級.20",8
1089,I00S,叢林護甲,"[普通]
- 鎧甲 -
∴護甲 +20
∴主屬性 +8
∴生命值 +100
▣ 等級.10",4
1090,I00R,盡滅·萬惡之袋,"[史詩]
- 鴻蒙起源 武器 (揹包) -
永遠不應該打開的袋子
∴攻擊力+9400
∴力量 +850
∴技能傷害 +16%
∴所受傷害-24%
∴點擊使用 投出能量
▣ 等級.100",936
1091,I00Q,暗世·地獄呼喚,"[史詩]
- 鴻蒙起源 鎧甲 -
充滿地獄力量的長袍
∴護甲 +220
∴智力 +600
∴魔法值 +2000
∴魔法值恢復 +40
∴技能傷害 +20%
∴每當釋放技能激活地獄力量
∴點擊使用 激活地獄呼喚
▣ 等級.100",924
1092,I00P,銀色皮甲,"[魔力]
- 鎧甲 -
∴護甲 +18
∴主屬性 +10
∴生命值恢復 +3
▣ 等級.5",2
1093,I00L,合成,"收集相關物品合成新的物品。唯一指定遊戲平臺：KK官方對戰平臺（www.reckfeng.com）
◎ 等級1~49合成組合",-1
1094,I00K,冒險之衣,"[普通]
- 鎧甲 -
∴護甲 +15
∴主屬性 +5
▣ 等級.1",564
1095,I00J,辰光·神化之星,"[史詩]
- 鴻蒙起源 首飾 -
高高翱翔，凌駕於世界的瘋狂之上.
∴全屬性 +450
∴技能傷害 +12%
∴點擊使用 神化
▣ 等級.100",892
1096,I00I,遠古步槍,"[魔力]
- 武器 (槍支) -
∴攻擊力+170
∴敏捷 +35
∴攻擊時幾率觸發爆破
▣ 等級.20",18
1097,I00H,驚世·魔靈千星,"[史詩]
- 鴻蒙起源 頭盔 -
我是誰?
∴護甲 +140
∴全屬性 +290
∴技能傷害 +12.5%
∴暗屬性 +7.5%
∴點擊使用 瘋狂之影
▣ 等級.100",889
1098,I00G,不滅·猩紅之怒,"[史詩]
- 鴻蒙起源 鎧甲 -
這種憤怒只能用你的鮮血消除.
∴護甲 +280
∴力量 +385
∴敏捷 +385
∴移動速度 +50
∴技能傷害 +12%
∴魔法抗性 +12%
∴每當釋放技能鮮血新星
∴點擊使用 不滅狂怒
▣ 等級.100",885
1099,I00F,寂滅·靈魂甲冑,"[史詩]
- 鴻蒙起源 鎧甲 -
死亡使我快樂.
∴護甲 +280
∴全屬性 +300
∴周圍的友軍的屬性7%, 敵人所受傷害3% 提高
∴戰鬥狀態時吸取扭曲的靈魂
∴點擊使用 寂滅哀歌
▣ 等級.100",884
1100,I00E,遠古法杖,"[魔力]
- 武器 (法杖) -
∴攻擊力+140
∴智力 +40
∴點擊使用 發動閃電鏈
▣ 等級.20",16
1101,I00D,巨魔戰斧,"[普通]
- 武器 (通用) -
∴攻擊力+70
∴主屬性 +15
∴攻擊速度 -15%
▣ 等級.10",3
1102,I00C,狂戰斧,"[魔力]
- 武器 (近戰) -
∴攻擊力+130
∴主屬性 +15
∴攻擊速度 +15%
▣ 等級.10",562
1103,I00B,遠古木劍,"[魔力]
- 武器 (近戰) -
∴攻擊力+200
∴主屬性 +30
∴攻擊時幾率觸發爆破
▣ 等級.20",15
1104,I00A,鐵劍,"[普通]
- 武器 (通用) -
∴攻擊力+120
∴主屬性 +20
▣ 等級.5",561
1105,I009,銀狼尖牙,"[魔力]
- 武器 (通用) -
∴攻擊力+50
∴主屬性 +20
∴致命一擊概率 +10%
▣ 等級.5",1
1106,I007,護身小棍,"[普通]
- 武器 (通用) -
∴攻擊力+30
∴主屬性 +15
▣ 等級.1",560
1107,I006,休息,"在舒適的旅館中休息休息.
◎ 生命值和魔法值瞬間恢復
◎ 10分鐘內獲得經驗值+8%",-1
1108,I005,無盡·孤寂凌雪,"[史詩]
- 鴻蒙起源 武器 (法杖) -
在這無盡的雪中，連時間都凝固了.
∴攻擊力+9400
∴智力 +880
∴生命值 +2000
∴冰屬性/水屬性+12%
∴每當釋放技能 造成下次攻擊獲得冰雪風暴強化
∴點擊使用 冰之黎明
▣ 等級.100",882
1109,I004,硬麪包,"[食物]
|CFFFFDEAD一種比較硬的麪包
∴生命值恢復 +800",-1
1110,I003,豆袋,"[食物]
|CFFFFDEAD從田間收穫的豆子填滿了袋子
∴生命值恢復 +400",-1
1111,I002,海神徽章,[收藏品],315
1112,I000,直升機,"[收藏品]
好大的直升機!",529
1113,I001,藍守護者魔術棒,[收藏品],-1
1114,I008,幸運福袋,"[特殊物品]
世界RPG週年慶快樂!
∴低概率贈予獎勵
∴擁有多個時自動使用",403
1115,I00M,星星力量結晶,[收藏品],419
1116,I00N,心心魔術棒,[收藏品],-1
1117,I00O,慶典光環,[收藏品],437
1118,I00Y,慶典服裝兌換券,"[特殊物品]
點擊使用 使用時可以兌換慶典活動服裝.
∴可被保存",386
1119,I00Z,阿瓦隆護靈之翼,"[史詩]
- 鴻蒙起源 翅膀 -
神聖的恩寵會成爲你的甲冑
∴全屬性 +425
∴魔法抗性 +10%
∴自然屬性+5%
∴光屬性 +5%
∴裝備時激活光痕共鳴
∴點擊使用 守護天使
▣ 等級.100",972
1120,I010,墮落者之翼,"[史詩]
- 鴻蒙起源 翅膀 -
墜落的人，會喚醒飛翔的
∴攻擊力+4000
∴全屬性 +350
∴移動速度 +50
∴技能傷害 +15%
∴魔法抗性 +7.5%
∴500碼移動距離會激活墮落之力
∴點擊使用觸發覺醒
▣ 等級.100",971
1121,I021,ARCANA TEMPLATE,,-1
1122,I022,奧迪烏斯聖槍,"[史詩]
- 鴻蒙起源 武器 (近戰) -
光照的地方，黑暗會降臨
∴攻擊力+13500
∴力量 +1250
∴敏捷 +350
∴智力 +1000
∴技能傷害 +20%
∴致命一擊倍率 +0.20x
∴移動時神聖力量充能
∴點擊使用 有幾率觸發光之審判
▣ 等級.100",960
1123,I023,太陽石,"[史詩]
- 鴻蒙起源 首飾 -
永恆黎明在上面流淌
∴全屬性 +450
∴攻擊速度 +20%
∴技能傷害 +10%
∴點擊使用 太陽祝福
∴死亡時觸發太陽庇佑
▣ 等級.100",346
1124,I024,神煞者印章,"[史詩]
- 鴻蒙起源 首飾 -
銘記叛逆的命運
∴力量 +575
∴敏捷 +550
∴持續傷害+40%
∴所受治療量-40%
∴攻擊時幾率觸發神靈最後之擊
∴點擊使用 被褻瀆的聖歌打擊
▣ 等級.100",969
1125,I026,魂隙·生死彼岸,"[史詩]
- 鴻蒙起源 武器 (揹包) -
生死界限，其間裂隙
∴攻擊力+10500
∴力量 +1000
∴技能傷害 +20%
∴所受傷害+10%
∴火焰傷害 +5%
▣ 等級.100",965
1126,I02C,穹宇之風,"[史詩]
- 鴻蒙起源 首飾 -
聽蒼穹之歌
∴主屬性 +700
∴攻擊速度 +40%
∴技能傷害 +15%
∴致命一擊倍率 +0.25x
∴每當釋放技能激活風之攻擊
∴點擊使用 蒼穹之擊
▣ 等級.100",973
1127,I02F,守護·絕對領域,"[史詩]
- 鴻蒙起源 鎧甲 -
境界壁壘構築於領域邊緣
∴護甲 +350
∴力量 +550
∴敏捷 +250
∴智力 +250
∴所受傷害-12%
∴自然屬性+5%
∴裝備時觸發天域攻擊
∴點擊使用 靜籟永恆
▣ 等級.100",974
1128,I02G,加護·神域聖冕r,"[史詩]
- 鴻蒙起源 頭盔 -
神聖與孤獨同在.
∴護甲 +150
∴全屬性 +375
∴致命一擊概率 +10%
∴風屬性 +12%
∴冰屬性/水屬性+8%
∴光屬性 +8%
∴輔助友軍時賦予增益效果
∴點擊使用 天籟攻擊
▣ 等級.100",975
1129,I02H,幻域神使聖翼,"[史詩]
- 鴻蒙起源 翅膀 -
渴望被遺忘之光的黑暗
∴主屬性 +550
∴生命值 +2000
∴攻擊速度 +15%
∴技能傷害 +15%
∴火焰傷害 +10%
∴暗屬性 +5%
∴技能命中時觸發暗影之火
∴點擊使用 觸發虛空禱言
▣ 等級.100",976
1130,I02I,天隕·星穹碎擊,"[史詩]
- 鴻蒙起源 武器 (槍支) -
神之吐息將焚汝之軀.
∴攻擊力+9500
∴敏捷 +450
∴智力 +950
∴攻擊速度 +35%
∴友軍恢復時觸發賜福
∴點擊使用 觸發天隕攻擊
▣ 等級.100",977
1131,I02J,艾克索魯斯神鎧,"[史詩]
- 鴻蒙起源 鎧甲 -
無法超越的境界
∴護甲 +275
∴力量 +200
∴敏捷 +575
∴技能傷害 +18%
∴致命一擊概率 +15%
∴攻擊時施加絕對者的烙印
∴當生命值降至20%以下時，發動聖域攻擊
▣ 等級.100",978
1132,I02K,聖火·炎鑄之印,"[史詩]
- 鴻蒙起源 頭盔 -
永不熄滅的神聖火焰之證
∴護甲 +180
∴全屬性 +450
∴技能傷害 +15%
∴攻擊速度 +10%
∴火焰傷害 +10%
∴光屬性 +5%
∴點擊使用 聖火攻擊
▣ 等級.100",979
1133,I02L,霜月·寒穹王冠,"[史詩]
- 鴻蒙起源 頭盔 -
在結冰的王座上，連血都很安靜
∴護甲 +165
∴全屬性 +400
∴技能傷害 +20%
∴生命值&魔法值 +1500
∴冰屬性/水屬性+12.5%
∴暗屬性 +5%
∴技能命中時概率觸發暗蝕寒霜
∴點擊使用 發動黑暗日蝕降臨
▣ 等級.100",980
1134,I02N,天空之結,"[史詩]
- 鴻蒙起源 材料 -
∴點擊查看相關合成組合",347
1135,I02O,神聖荷花,"[史詩]
- 鴻蒙起源 材料 -
∴點擊查看相關合成組合",348
1136,I02P,樂園露水,"[史詩]
- 鴻蒙起源 材料 -
∴點擊查看相關合成組合",349
1137,I030,古神·癲狂餘響,"[史詩]
- 鴻蒙起源 頭盔 -
理性破碎，力量剩餘.
∴護甲 +150
∴敏捷 +550
∴生命值 +2000
∴技能傷害 +15%
∴致命一擊倍率 +0.10x
∴技能致命一擊命中時發動毀滅
∴點擊使用 發動毀滅的誓約
▣ 等級.100",981
1138,I031,輝耀·聖約之典,"[史詩]
- 鴻蒙起源 首飾 -
用光記錄的知識
∴全屬性 +525
∴移動速度 +50
∴風屬性 +5%
∴光屬性 +10%
∴技能命中友軍時觸發[希望]效果
∴點擊使用 救濟
▣ 等級.100",982
1139,I032,聖者·曙光織庇,"[史詩]
- 鴻蒙起源 翅膀 -
阻擋黑暗的一層光
∴主屬性 +500
∴生命值 +2000
∴所有屬性 +5%
∴裝備時發動聖者權能
∴點擊使用 發動獻身
▣ 等級.100",983
1140,I033,item,,984
1141,I034,item,,984
1142,I035,item,,984
1143,I036,item,,984
1144,I037,暗影蓮花,"[史詩]
- 鴻蒙起源 首飾 -
黑暗綻放的花朵，死亡騎士最美麗的血脈
∴全屬性 +500
∴魔法值恢復 +35
∴暗屬性 +7.5%
∴直接命中目標時激活持續黑暗種子攻擊
∴點擊使用 暗影之擊
▣ 等級.100",968
1145,I03A,太古之心,"[史詩]
- 鴻蒙起源 首飾 -
世界的心臟在其中跳動
∴主屬性 +600
∴生命值 +2500
∴攻擊速度 +15%
∴冰屬性/水屬性+5%
∴自然屬性+10%
∴周圍的友軍得到守護之氣強化
∴點擊使用 治癒脈動
▣ 等級.100",967
1146,I03D,@Unused,"[史詩]
- 鴻蒙起源 武器 (近戰) -
光照的地方，黑暗會降臨
∴攻擊力+14000
∴力量 +1250
∴智力 +1050
∴技能傷害 +15%
∴致命一擊倍率 +0.30x
∴移動時神聖力量充能
∴點擊使用 有幾率觸發光之審判
▣ 等級.100",-1
1147,I03E,雪人徽章,[收藏品],-1
1148,I03G,新年之寶,[收藏品],535
1149,I03J,幽茫·靈魂深鎖,"[史詩]
- 鴻蒙起源 武器 (通用) -
收割你的最後一口氣
∴攻擊力+13000
∴主屬性 +1150
∴攻擊速度 +35%
∴技能傷害 +12.5%
∴生命值50%以下的敵人受到傷害時遭受深淵之踏
∴點擊使用 幽茫之擊
▣ 等級.100",880
1150,I03M,維奇(新年)魔術棒,[收藏品],-1
1151,I03N,願望 (Ex),"希望掉落特定物品.

有願望指定時: 其他物品不會掉落.
無有願望指定時: 所有物品均可掉落，但掉落率將被均分爲N份並額外增加15%的掉落率。

靈魂寶石/結晶不受影響.",-1
1152,I03O,愛的放手,"爲了愛選擇放手.

有願望指定時: 雖然物品不會掉落，但可以將自己的掉落率80%分配給特定對象或所有人。

通過[愛的放手]獲得的額外掉落率加成上限爲200%.

靈魂寶石/結晶不受影響.",-1
1153,I03P,挑戰者藥水購買,"挑戰者藥水打包於其中.

最終傷害減少10%，但使用時可以解除減益效果並恢復60%生命值.

戰鬥開始時，將根據隊伍人數按比例填充充能次數（困難模式除外）
1人: 5次
2人: 3次
3人: 2次

脫離區域後將消失",-1
1154,I03Q,魔導機械,"[收藏品]
神祕的坐騎",524
1155,I03R,絕對符文,"[特殊物品]
消耗充能即可釋放，短時間內阻擋有害效果。若成功阻擋絕對系技能，則獲得至尊之力
◎使用CD: 5秒

絕對者力量
每層提升3%最終傷害與5%主屬性
◎束縛時層數-2
◎強化束縛或死亡時層數-3",-1
1156,I03S,絕對符文,"[特殊物品]
消耗充能即可釋放，短時間內阻擋有害效果。若成功阻擋絕對系技能，則獲得至尊之力
◎使用CD: 5秒

絕對者力量
每層提升3%最終傷害與5%主屬性
◎束縛時層數-2
◎強化束縛或死亡時層數-3",-1
1157,I03T,鯊魚,[收藏品],525
1158,I03U,蔚藍彗星,[收藏品],526
1159,I03V,奧迪烏斯聖槍,"[史詩]
- 鴻蒙起源 武器 (近戰) -
光照的地方，黑暗會降臨
∴攻擊力+13500
∴力量 +1250
∴敏捷 +350
∴智力 +1000
∴技能傷害 +20%
∴致命一擊倍率 +0.20x
∴移動時神聖力量充能
∴點擊使用 有幾率觸發光之審判
▣ 等級.100",960
1160,I03W,聖火·炎鑄之印,"[史詩]
- 鴻蒙起源 頭盔 -
永不熄滅的神聖火焰之證
∴護甲 +180
∴全屬性 +450
∴技能傷害 +15%
∴攻擊速度 +10%
∴火焰傷害 +10%
∴光屬性 +5%
∴點擊使用 聖火攻擊
▣ 等級.100",979
1161,I03X,不朽者徽章,[收藏品],516
1162,I042,創世徽章,[收藏品],517
1163,I043,覺醒,"可用Boss的靈魂石將等級提升到極限值以上.
▣ 等級. 100",-1
